symbol,entry_date,exit_date,pnl,reason,strategy
0966.HK,2024-07-12,2024-07-16,-25.307519382603346,SL,"sma:{'fast': 5, 'slow': 20},sl0.03,tp0.06"
0101.HK,2024-07-16,2024-07-22,-19.626711162875495,SL,"sma:{'fast': 5, 'slow': 20},sl0.03,tp0.06"
1918.HK,2024-07-19,2024-07-22,-16.157694685149238,SL,"sma:{'fast': 5, 'slow': 20},sl0.03,tp0.06"
0762.HK,2024-07-25,2024-07-26,-35.2987325139095,SL,"sma:{'fast': 5, 'slow': 20},sl0.03,tp0.06"
0968.HK,2024-07-29,2024-07-30,-33.00848385754739,SL,"sma:{'fast': 5, 'slow': 20},sl0.03,tp0.06"
0968.HK,2024-08-01,2024-08-02,-36.80120467895563,SL,"sma:{'fast': 5, 'slow': 20},sl0.03,tp0.06"
0241.HK,2024-08-02,2024-08-05,-16.158995097189063,SIGNAL,"sma:{'fast': 5, 'slow': 20},sl0.03,tp0.06"
0966.HK,2024-08-05,2024-08-06,-23.951758792075452,SL,"sma:{'fast': 5, 'slow': 20},sl0.03,tp0.06"
0241.HK,2024-08-07,2024-08-08,-21.69079554451639,SL,"sma:{'fast': 5, 'slow': 20},sl0.03,tp0.06"
1177.HK,2024-08-08,2024-08-14,42.48307174035722,TP,"sma:{'fast': 5, 'slow': 20},sl0.03,tp0.06"
1398.HK,2024-08-14,2024-08-27,45.98543438028037,TP,"sma:{'fast': 5, 'slow': 20},sl0.03,tp0.06"
1177.HK,2024-09-17,2024-09-24,36.25942524049378,TP,"sma:{'fast': 5, 'slow': 20},sl0.03,tp0.06"
1918.HK,2024-09-24,2024-09-25,43.801519835279066,TP,"sma:{'fast': 5, 'slow': 20},sl0.03,tp0.06"
1093.HK,2024-09-24,2024-09-25,26.45668569215394,TP,"sma:{'fast': 5, 'slow': 20},sl0.03,tp0.06"
0960.HK,2024-09-25,2024-09-26,-38.537560648213685,SL,"sma:{'fast': 5, 'slow': 20},sl0.03,tp0.06"
1898.HK,2024-09-26,2024-09-30,53.55115626034376,TP,"sma:{'fast': 5, 'slow': 20},sl0.03,tp0.06"
0968.HK,2024-10-29,2024-10-30,-109.05802370408423,SL,"sma:{'fast': 5, 'slow': 20},sl0.03,tp0.06"
1398.HK,2024-10-30,2024-10-31,-6.427081063860214,SIGNAL,"sma:{'fast': 5, 'slow': 20},sl0.03,tp0.06"
1918.HK,2024-11-04,2024-11-05,16.309760102709504,TP,"sma:{'fast': 5, 'slow': 20},sl0.03,tp0.06"
0939.HK,2024-11-04,2024-11-12,-18.001088487450033,SL,"sma:{'fast': 5, 'slow': 20},sl0.03,tp0.06"
0728.HK,2024-11-22,2024-12-11,47.653559647642396,TP,"sma:{'fast': 5, 'slow': 20},sl0.03,tp0.06"
1177.HK,2024-12-12,2024-12-16,-21.40916548004668,SL,"sma:{'fast': 5, 'slow': 20},sl0.03,tp0.06"
0267.HK,2024-12-30,2025-01-02,-27.412541643035638,SL,"sma:{'fast': 5, 'slow': 20},sl0.03,tp0.06"
0968.HK,2025-01-10,2025-01-13,-20.701224045683148,SL,"sma:{'fast': 5, 'slow': 20},sl0.03,tp0.06"
2007.HK,2025-01-22,2025-01-23,-17.022762064007537,SL,"sma:{'fast': 5, 'slow': 20},sl0.03,tp0.06"
0101.HK,2025-01-21,2025-01-24,-18.135927797539807,SL,"sma:{'fast': 5, 'slow': 20},sl0.03,tp0.06"
0267.HK,2025-01-24,2025-02-03,-26.154262805896224,SL,"sma:{'fast': 5, 'slow': 20},sl0.03,tp0.06"
1876.HK,2025-02-04,2025-02-11,-21.738660023371153,SL,"sma:{'fast': 5, 'slow': 20},sl0.03,tp0.06"
0386.HK,2025-02-11,2025-02-18,-13.09841688263515,SL,"sma:{'fast': 5, 'slow': 20},sl0.03,tp0.06"
2007.HK,2025-03-03,2025-03-04,-6.530397858495718,SL,"sma:{'fast': 5, 'slow': 20},sl0.03,tp0.06"
1199.HK,2025-03-11,2025-03-18,24.532345468748133,TP,"sma:{'fast': 5, 'slow': 20},sl0.03,tp0.06"
0939.HK,2025-03-18,2025-03-28,-20.938856572760074,SL,"sma:{'fast': 5, 'slow': 20},sl0.03,tp0.06"
1093.HK,2025-04-01,2025-04-02,44.906207750316526,TP,"sma:{'fast': 5, 'slow': 20},sl0.03,tp0.06"
0939.HK,2025-04-03,2025-04-07,-20.576279034923573,SL,"sma:{'fast': 5, 'slow': 20},sl0.03,tp0.06"
0101.HK,2025-04-07,2025-04-08,-47.85647944125674,SL,"sma:{'fast': 5, 'slow': 20},sl0.03,tp0.06"
1093.HK,2025-04-15,2025-04-16,-21.815565438987733,SL,"sma:{'fast': 5, 'slow': 20},sl0.03,tp0.06"
0003.HK,2025-04-17,2025-05-07,35.84596531411364,TP,"sma:{'fast': 5, 'slow': 20},sl0.03,tp0.06"
0968.HK,2025-05-07,2025-05-08,-17.272584050360024,SL,"sma:{'fast': 5, 'slow': 20},sl0.03,tp0.06"
1199.HK,2025-05-09,2025-05-14,22.744313368871985,TP,"sma:{'fast': 5, 'slow': 20},sl0.03,tp0.06"
0728.HK,2025-05-16,2025-05-29,30.102584177033123,TP,"sma:{'fast': 5, 'slow': 20},sl0.03,tp0.06"
0003.HK,2025-06-09,2025-06-19,-21.263017917458797,SL,"sma:{'fast': 5, 'slow': 20},sl0.03,tp0.06"
3988.HK,2025-06-26,2025-06-30,-14.788954949217668,SL,"sma:{'fast': 5, 'slow': 20},sl0.03,tp0.06"
0241.HK,2025-06-30,2025-07-02,-19.64899368248939,SL,"sma:{'fast': 5, 'slow': 20},sl0.03,tp0.06"
0968.HK,2025-07-03,2025-07-04,-18.04887902739506,SL,"sma:{'fast': 5, 'slow': 20},sl0.03,tp0.06"
2007.HK,2025-07-11,2025-07-14,7.099878204329542,TP,"sma:{'fast': 5, 'slow': 20},sl0.03,tp0.06"
3988.HK,2025-07-09,2025-07-31,-10.051785757694745,SIGNAL,"sma:{'fast': 5, 'slow': 20},sl0.03,tp0.06"
1398.HK,2025-08-11,2025-08-15,-19.199772700438416,SL,"sma:{'fast': 5, 'slow': 20},sl0.03,tp0.06"
1918.HK,2025-08-26,2025-08-27,-19.631993658170586,SL,"sma:{'fast': 5, 'slow': 20},sl0.03,tp0.06"
0386.HK,2025-08-27,2025-08-29,-3.30489563721477,SIGNAL,"sma:{'fast': 5, 'slow': 20},sl0.03,tp0.06"
2007.HK,2025-09-09,2025-09-10,41.398238786219366,TP,"sma:{'fast': 5, 'slow': 20},sl0.03,tp0.06"
0003.HK,2025-09-11,2025-09-22,-22.3628532489264,SL,"sma:{'fast': 5, 'slow': 20},sl0.03,tp0.06"
0968.HK,2025-10-06,2025-10-08,-12.517308669626289,SL,"sma:{'fast': 5, 'slow': 20},sl0.03,tp0.06"
2007.HK,2025-10-09,2025-10-10,-6.6323978828143595,SL,"sma:{'fast': 5, 'slow': 20},sl0.03,tp0.06"
1199.HK,2025-10-16,2025-11-12,31.587098307704764,TP,"sma:{'fast': 5, 'slow': 20},sl0.03,tp0.06"
0241.HK,2025-11-19,2025-11-21,-19.127338729800385,SL,"sma:{'fast': 5, 'slow': 20},sl0.03,tp0.06"
0241.HK,2025-11-27,2025-11-28,-36.01618799775122,SL,"sma:{'fast': 5, 'slow': 20},sl0.03,tp0.06"
1199.HK,2025-12-05,2025-12-22,-12.708723332011573,SIGNAL,"sma:{'fast': 5, 'slow': 20},sl0.03,tp0.06"
1918.HK,2026-01-07,2026-01-08,-14.428406986510751,SL,"sma:{'fast': 5, 'slow': 20},sl0.03,tp0.06"
0386.HK,2025-12-22,2026-01-09,25.112401591349226,TP,"sma:{'fast': 5, 'slow': 20},sl0.03,tp0.06"
1199.HK,2026-01-12,2026-01-28,32.70522687249263,TP,"sma:{'fast': 5, 'slow': 20},sl0.03,tp0.06"
1918.HK,2026-02-03,2026-02-04,-4.390998577194225,SL,"sma:{'fast': 5, 'slow': 20},sl0.03,tp0.06"
2007.HK,2026-02-23,2026-02-25,5.132442382564946,TP,"sma:{'fast': 5, 'slow': 20},sl0.03,tp0.06"
3988.HK,2026-01-28,2026-03-03,-5.4137419531380715,SIGNAL,"sma:{'fast': 5, 'slow': 20},sl0.03,tp0.06"
1918.HK,2026-03-20,2026-03-23,-3.8123215865457496,SL,"sma:{'fast': 5, 'slow': 20},sl0.03,tp0.06"
0728.HK,2026-03-06,2026-03-26,-7.530647661918238,SIGNAL,"sma:{'fast': 5, 'slow': 20},sl0.03,tp0.06"
2007.HK,2026-03-26,2026-03-27,-6.336606816828848,SL,"sma:{'fast': 5, 'slow': 20},sl0.03,tp0.06"
0728.HK,2026-04-15,2026-04-20,-10.47282469637588,SIGNAL,"sma:{'fast': 5, 'slow': 20},sl0.03,tp0.06"
1918.HK,2026-04-21,2026-04-23,-10.9439925966376,SL,"sma:{'fast': 5, 'slow': 20},sl0.03,tp0.06"
0241.HK,2026-04-23,2026-04-24,-15.18355672444983,SL,"sma:{'fast': 5, 'slow': 20},sl0.03,tp0.06"
0968.HK,2026-04-24,2026-04-28,-9.895882876163853,SL,"sma:{'fast': 5, 'slow': 20},sl0.03,tp0.06"
0386.HK,2026-04-30,2026-05-08,-14.982360594552688,SL,"sma:{'fast': 5, 'slow': 20},sl0.03,tp0.06"
0968.HK,2026-05-08,2026-05-15,-10.289096954778188,SL,"sma:{'fast': 5, 'slow': 20},sl0.03,tp0.06"
1177.HK,2026-05-18,2026-05-19,-4.759391386595212,SIGNAL,"sma:{'fast': 5, 'slow': 20},sl0.03,tp0.06"
0386.HK,2026-06-18,2026-06-22,-13.934692344399423,SL,"sma:{'fast': 5, 'slow': 20},sl0.03,tp0.06"
1177.HK,2026-07-07,2026-07-08,-16.39955551007455,SL,"sma:{'fast': 5, 'slow': 20},sl0.03,tp0.06"
0966.HK,2024-07-12,2024-07-18,-40.6900025111147,SL,"sma:{'fast': 5, 'slow': 20},sl0.05,tp0.1"
1918.HK,2024-07-19,2024-07-22,-18.388610821694044,SL,"sma:{'fast': 5, 'slow': 20},sl0.05,tp0.1"
0241.HK,2024-07-19,2024-07-24,-17.7016799630955,SL,"sma:{'fast': 5, 'slow': 20},sl0.05,tp0.1"
0762.HK,2024-07-25,2024-07-26,-35.2987325139095,SL,"sma:{'fast': 5, 'slow': 20},sl0.05,tp0.1"
0968.HK,2024-07-29,2024-07-30,-38.2028190378561,SL,"sma:{'fast': 5, 'slow': 20},sl0.05,tp0.1"
0968.HK,2024-08-01,2024-08-02,-37.79855678500985,SL,"sma:{'fast': 5, 'slow': 20},sl0.05,tp0.1"
0241.HK,2024-08-02,2024-08-05,-16.158995097189063,SIGNAL,"sma:{'fast': 5, 'slow': 20},sl0.05,tp0.1"
0966.HK,2024-08-05,2024-08-08,-15.290203313312986,SIGNAL,"sma:{'fast': 5, 'slow': 20},sl0.05,tp0.1"
1177.HK,2024-08-08,2024-08-15,53.39192526153397,TP,"sma:{'fast': 5, 'slow': 20},sl0.05,tp0.1"
3988.HK,2024-08-16,2024-09-05,-3.874667848384547,SIGNAL,"sma:{'fast': 5, 'slow': 20},sl0.05,tp0.1"
1918.HK,2024-09-24,2024-09-25,14.60050661175967,TP,"sma:{'fast': 5, 'slow': 20},sl0.05,tp0.1"
1177.HK,2024-09-17,2024-09-27,65.9858807267268,TP,"sma:{'fast': 5, 'slow': 20},sl0.05,tp0.1"
1876.HK,2024-09-27,2024-09-30,84.38751136453686,TP,"sma:{'fast': 5, 'slow': 20},sl0.05,tp0.1"
0968.HK,2024-10-29,2024-10-30,-109.05802370408423,SL,"sma:{'fast': 5, 'slow': 20},sl0.05,tp0.1"
1398.HK,2024-10-30,2024-10-31,-6.427081063860214,SIGNAL,"sma:{'fast': 5, 'slow': 20},sl0.05,tp0.1"
1918.HK,2024-11-04,2024-11-05,27.73602882702852,TP,"sma:{'fast': 5, 'slow': 20},sl0.05,tp0.1"
0939.HK,2024-11-04,2024-11-14,-28.942557533341187,SL,"sma:{'fast': 5, 'slow': 20},sl0.05,tp0.1"
0728.HK,2024-11-22,2025-01-08,41.848651488848645,SIGNAL,"sma:{'fast': 5, 'slow': 20},sl0.05,tp0.1"
0968.HK,2025-01-10,2025-01-13,-33.28389660272376,SL,"sma:{'fast': 5, 'slow': 20},sl0.05,tp0.1"
2007.HK,2025-01-22,2025-01-23,-17.022762064007537,SL,"sma:{'fast': 5, 'slow': 20},sl0.05,tp0.1"
0101.HK,2025-01-21,2025-01-24,-29.15935522825555,SL,"sma:{'fast': 5, 'slow': 20},sl0.05,tp0.1"
0267.HK,2025-01-24,2025-03-07,77.17723135369829,TP,"sma:{'fast': 5, 'slow': 20},sl0.05,tp0.1"
1199.HK,2025-03-11,2025-03-18,83.43836289814965,TP,"sma:{'fast': 5, 'slow': 20},sl0.05,tp0.1"
0939.HK,2025-03-18,2025-04-02,-3.0839474477288604,SIGNAL,"sma:{'fast': 5, 'slow': 20},sl0.05,tp0.1"
0939.HK,2025-04-03,2025-04-07,-33.08300718623457,SL,"sma:{'fast': 5, 'slow': 20},sl0.05,tp0.1"
0101.HK,2025-04-07,2025-04-08,-47.85647944125674,SL,"sma:{'fast': 5, 'slow': 20},sl0.05,tp0.1"
1093.HK,2025-04-15,2025-04-16,-29.19608400811012,SL,"sma:{'fast': 5, 'slow': 20},sl0.05,tp0.1"
1918.HK,2025-04-24,2025-04-25,15.419681251172761,TP,"sma:{'fast': 5, 'slow': 20},sl0.05,tp0.1"
0968.HK,2025-05-07,2025-05-09,-13.88562580467135,SL,"sma:{'fast': 5, 'slow': 20},sl0.05,tp0.1"
0003.HK,2025-04-17,2025-05-21,15.319138548068963,SIGNAL,"sma:{'fast': 5, 'slow': 20},sl0.05,tp0.1"
1093.HK,2025-05-21,2025-05-27,59.117369261108706,TP,"sma:{'fast': 5, 'slow': 20},sl0.05,tp0.1"
1876.HK,2025-05-30,2025-06-02,-41.97339947023545,SL,"sma:{'fast': 5, 'slow': 20},sl0.05,tp0.1"
0003.HK,2025-06-09,2025-06-19,-18.346837537991746,SIGNAL,"sma:{'fast': 5, 'slow': 20},sl0.05,tp0.1"
1918.HK,2025-06-11,2025-07-03,14.061973635282527,TP,"sma:{'fast': 5, 'slow': 20},sl0.05,tp0.1"
3988.HK,2025-06-26,2025-07-07,-15.77615502480478,SIGNAL,"sma:{'fast': 5, 'slow': 20},sl0.05,tp0.1"
2007.HK,2025-07-11,2025-07-14,12.073900860807925,TP,"sma:{'fast': 5, 'slow': 20},sl0.05,tp0.1"
0968.HK,2025-07-03,2025-07-22,26.629741444253966,TP,"sma:{'fast': 5, 'slow': 20},sl0.05,tp0.1"
3988.HK,2025-07-09,2025-07-31,-10.051785757694745,SIGNAL,"sma:{'fast': 5, 'slow': 20},sl0.05,tp0.1"
1398.HK,2025-08-11,2025-08-18,-19.97498860845417,SIGNAL,"sma:{'fast': 5, 'slow': 20},sl0.05,tp0.1"
1876.HK,2025-08-20,2025-09-10,-28.091273507441542,SIGNAL,"sma:{'fast': 5, 'slow': 20},sl0.05,tp0.1"
2007.HK,2025-09-09,2025-09-10,27.598825857479568,TP,"sma:{'fast': 5, 'slow': 20},sl0.05,tp0.1"
0939.HK,2025-09-11,2025-09-22,-39.67406650433304,SL,"sma:{'fast': 5, 'slow': 20},sl0.05,tp0.1"
0968.HK,2025-10-06,2025-10-09,-40.251224428547516,SL,"sma:{'fast': 5, 'slow': 20},sl0.05,tp0.1"
2007.HK,2025-10-09,2025-10-13,-18.612011509176455,SL,"sma:{'fast': 5, 'slow': 20},sl0.05,tp0.1"
0857.HK,2025-10-14,2025-10-23,68.42203886757841,TP,"sma:{'fast': 5, 'slow': 20},sl0.05,tp0.1"
0968.HK,2025-11-04,2025-11-05,-38.3545721922236,SL,"sma:{'fast': 5, 'slow': 20},sl0.05,tp0.1"
0728.HK,2025-11-07,2025-12-11,-14.643448424355029,SIGNAL,"sma:{'fast': 5, 'slow': 20},sl0.05,tp0.1"
1918.HK,2026-01-07,2026-01-08,-28.856813973021502,SL,"sma:{'fast': 5, 'slow': 20},sl0.05,tp0.1"
0386.HK,2025-12-22,2026-01-21,42.705612471753284,TP,"sma:{'fast': 5, 'slow': 20},sl0.05,tp0.1"
1918.HK,2026-02-03,2026-02-05,34.039671742262215,TP,"sma:{'fast': 5, 'slow': 20},sl0.05,tp0.1"
2007.HK,2026-02-23,2026-02-25,8.728121626524384,TP,"sma:{'fast': 5, 'slow': 20},sl0.05,tp0.1"
3988.HK,2026-01-28,2026-03-03,-5.4137419531380715,SIGNAL,"sma:{'fast': 5, 'slow': 20},sl0.05,tp0.1"
1918.HK,2026-03-20,2026-03-23,-18.388610821694044,SL,"sma:{'fast': 5, 'slow': 20},sl0.05,tp0.1"
0728.HK,2026-03-06,2026-03-26,-7.530647661918238,SIGNAL,"sma:{'fast': 5, 'slow': 20},sl0.05,tp0.1"
2007.HK,2026-03-26,2026-03-27,-6.336606816828848,SL,"sma:{'fast': 5, 'slow': 20},sl0.05,tp0.1"
1177.HK,2026-04-08,2026-04-09,-53.529555207131125,SL,"sma:{'fast': 5, 'slow': 20},sl0.05,tp0.1"
1876.HK,2026-04-09,2026-04-16,-39.08897538558847,SL,"sma:{'fast': 5, 'slow': 20},sl0.05,tp0.1"
0762.HK,2026-04-16,2026-05-19,69.03746475499656,TP,"sma:{'fast': 5, 'slow': 20},sl0.05,tp0.1"
1398.HK,2026-06-11,2026-06-24,-37.199949197788214,SL,"sma:{'fast': 5, 'slow': 20},sl0.05,tp0.1"
1876.HK,2024-07-12,2024-07-16,-28.808857197032353,SL,"sma:{'fast': 10, 'slow': 30},sl0.03,tp0.06"
0966.HK,2024-07-17,2024-07-23,-24.192783916943426,SL,"sma:{'fast': 10, 'slow': 30},sl0.03,tp0.06"
0101.HK,2024-07-24,2024-07-25,-18.517375438903287,SL,"sma:{'fast': 10, 'slow': 30},sl0.03,tp0.06"
0386.HK,2024-08-05,2024-08-08,-2.9870254161198773,SIGNAL,"sma:{'fast': 10, 'slow': 30},sl0.03,tp0.06"
0241.HK,2024-08-08,2024-08-13,-21.427877057583373,SL,"sma:{'fast': 10, 'slow': 30},sl0.03,tp0.06"
0386.HK,2024-08-14,2024-08-27,50.40324333273918,TP,"sma:{'fast': 10, 'slow': 30},sl0.03,tp0.06"
0175.HK,2024-08-27,2024-08-30,45.05032128868049,TP,"sma:{'fast': 10, 'slow': 30},sl0.03,tp0.06"
0101.HK,2024-09-03,2024-09-09,-16.537410161268042,SL,"sma:{'fast': 10, 'slow': 30},sl0.03,tp0.06"
0762.HK,2024-09-25,2024-09-26,-21.13849665625196,SL,"sma:{'fast': 10, 'slow': 30},sl0.03,tp0.06"
0241.HK,2024-09-26,2024-09-27,91.40590976688395,TP,"sma:{'fast': 10, 'slow': 30},sl0.03,tp0.06"
1918.HK,2024-09-26,2024-09-27,79.0480432073069,TP,"sma:{'fast': 10, 'slow': 30},sl0.03,tp0.06"
0101.HK,2024-09-27,2024-09-30,50.986295324476714,TP,"sma:{'fast': 10, 'slow': 30},sl0.03,tp0.06"
3988.HK,2024-09-27,2024-09-30,-12.747484046647344,SL,"sma:{'fast': 10, 'slow': 30},sl0.03,tp0.06"
1898.HK,2024-09-30,2024-10-02,-29.790183877500567,SL,"sma:{'fast': 10, 'slow': 30},sl0.03,tp0.06"
0968.HK,2024-10-02,2024-10-03,-27.170354837714285,SL,"sma:{'fast': 10, 'slow': 30},sl0.03,tp0.06"
1199.HK,2024-10-03,2024-10-04,-30.852471743957608,SL,"sma:{'fast': 10, 'slow': 30},sl0.03,tp0.06"
0728.HK,2024-10-04,2024-10-07,49.1427280092297,TP,"sma:{'fast': 10, 'slow': 30},sl0.03,tp0.06"
0857.HK,2024-10-07,2024-10-08,-20.65721297389382,SL,"sma:{'fast': 10, 'slow': 30},sl0.03,tp0.06"
0968.HK,2024-10-28,2024-10-29,-27.817270519276803,SL,"sma:{'fast': 10, 'slow': 30},sl0.03,tp0.06"
1398.HK,2024-11-08,2024-11-11,-28.73443555956362,SL,"sma:{'fast': 10, 'slow': 30},sl0.03,tp0.06"
0241.HK,2024-11-19,2024-11-21,-25.305927874082954,SL,"sma:{'fast': 10, 'slow': 30},sl0.03,tp0.06"
0728.HK,2024-12-03,2024-12-13,48.07903295247354,TP,"sma:{'fast': 10, 'slow': 30},sl0.03,tp0.06"
1398.HK,2024-12-13,2024-12-24,59.548707212018144,TP,"sma:{'fast': 10, 'slow': 30},sl0.03,tp0.06"
0322.HK,2025-01-10,2025-01-13,-31.925555545320435,SL,"sma:{'fast': 10, 'slow': 30},sl0.03,tp0.06"
0968.HK,2025-01-20,2025-01-21,-32.50738961465754,SL,"sma:{'fast': 10, 'slow': 30},sl0.03,tp0.06"
2007.HK,2025-01-22,2025-01-23,-17.022762064007537,SL,"sma:{'fast': 10, 'slow': 30},sl0.03,tp0.06"
0241.HK,2025-02-03,2025-02-04,20.358686927828728,TP,"sma:{'fast': 10, 'slow': 30},sl0.03,tp0.06"
0728.HK,2025-02-04,2025-02-07,25.68824554934332,TP,"sma:{'fast': 10, 'slow': 30},sl0.03,tp0.06"
1093.HK,2025-02-12,2025-02-17,25.104912117171637,TP,"sma:{'fast': 10, 'slow': 30},sl0.03,tp0.06"
0939.HK,2025-01-27,2025-02-18,33.23984783242827,TP,"sma:{'fast': 10, 'slow': 30},sl0.03,tp0.06"
1918.HK,2025-02-17,2025-02-18,-12.554369504441468,SL,"sma:{'fast': 10, 'slow': 30},sl0.03,tp0.06"
0386.HK,2025-02-18,2025-02-21,-9.967139744867609,SIGNAL,"sma:{'fast': 10, 'slow': 30},sl0.03,tp0.06"
2007.HK,2025-03-05,2025-03-06,-5.028320763949921,SL,"sma:{'fast': 10, 'slow': 30},sl0.03,tp0.06"
1199.HK,2025-03-12,2025-03-18,49.275722168016614,TP,"sma:{'fast': 10, 'slow': 30},sl0.03,tp0.06"
1898.HK,2025-03-21,2025-03-24,-25.22113769721318,SL,"sma:{'fast': 10, 'slow': 30},sl0.03,tp0.06"
0857.HK,2025-03-24,2025-04-01,63.21842576737845,TP,"sma:{'fast': 10, 'slow': 30},sl0.03,tp0.06"
1177.HK,2025-04-24,2025-04-25,64.06572975289396,TP,"sma:{'fast': 10, 'slow': 30},sl0.03,tp0.06"
0960.HK,2025-04-25,2025-04-28,-34.886998911858655,SL,"sma:{'fast': 10, 'slow': 30},sl0.03,tp0.06"
3988.HK,2025-05-08,2025-05-15,24.1969812072453,TP,"sma:{'fast': 10, 'slow': 30},sl0.03,tp0.06"
0867.HK,2025-04-29,2025-05-19,45.55559701630739,TP,"sma:{'fast': 10, 'slow': 30},sl0.03,tp0.06"
1876.HK,2025-05-20,2025-05-22,-24.643013274449913,SL,"sma:{'fast': 10, 'slow': 30},sl0.03,tp0.06"
1199.HK,2025-05-15,2025-06-11,24.431093861133434,TP,"sma:{'fast': 10, 'slow': 30},sl0.03,tp0.06"
1918.HK,2025-06-17,2025-06-18,-14.887773426649971,SL,"sma:{'fast': 10, 'slow': 30},sl0.03,tp0.06"
0968.HK,2025-06-19,2025-06-20,-26.0402866578836,SL,"sma:{'fast': 10, 'slow': 30},sl0.03,tp0.06"
0728.HK,2025-05-22,2025-06-23,-17.8079321453298,SL,"sma:{'fast': 10, 'slow': 30},sl0.03,tp0.06"
3988.HK,2025-06-30,2025-07-02,-16.317532553789874,SIGNAL,"sma:{'fast': 10, 'slow': 30},sl0.03,tp0.06"
0968.HK,2025-07-04,2025-07-07,-9.153821816486811,SL,"sma:{'fast': 10, 'slow': 30},sl0.03,tp0.06"
2007.HK,2025-07-14,2025-07-15,7.014337582930537,TP,"sma:{'fast': 10, 'slow': 30},sl0.03,tp0.06"
3988.HK,2025-07-03,2025-08-01,-29.0151165816186,SL,"sma:{'fast': 10, 'slow': 30},sl0.03,tp0.06"
0960.HK,2025-08-18,2025-08-25,60.490688633912214,TP,"sma:{'fast': 10, 'slow': 30},sl0.03,tp0.06"
1876.HK,2025-09-02,2025-09-05,-26.97180892019378,SL,"sma:{'fast': 10, 'slow': 30},sl0.03,tp0.06"
1918.HK,2025-09-05,2025-09-08,26.517617107090302,TP,"sma:{'fast': 10, 'slow': 30},sl0.03,tp0.06"
2007.HK,2025-09-10,2025-09-11,-6.663015765434494,SL,"sma:{'fast': 10, 'slow': 30},sl0.03,tp0.06"
0857.HK,2025-09-08,2025-09-18,-23.767873866024388,SL,"sma:{'fast': 10, 'slow': 30},sl0.03,tp0.06"
0939.HK,2025-09-18,2025-09-19,-24.300831277121688,SL,"sma:{'fast': 10, 'slow': 30},sl0.03,tp0.06"
1398.HK,2025-09-19,2025-09-23,-36.591772751775125,SL,"sma:{'fast': 10, 'slow': 30},sl0.03,tp0.06"
1898.HK,2025-10-14,2025-10-16,55.582526830061056,TP,"sma:{'fast': 10, 'slow': 30},sl0.03,tp0.06"
0003.HK,2025-10-17,2025-11-12,39.742425866386725,TP,"sma:{'fast': 10, 'slow': 30},sl0.03,tp0.06"
3988.HK,2025-10-27,2025-11-12,24.034221769122382,TP,"sma:{'fast': 10, 'slow': 30},sl0.03,tp0.06"
0101.HK,2025-11-14,2025-11-19,-29.405545827668448,SL,"sma:{'fast': 10, 'slow': 30},sl0.03,tp0.06"
0960.HK,2025-11-24,2025-11-27,-32.547697429398,SL,"sma:{'fast': 10, 'slow': 30},sl0.03,tp0.06"
1876.HK,2025-12-04,2025-12-05,-25.23967467184127,SL,"sma:{'fast': 10, 'slow': 30},sl0.03,tp0.06"
1199.HK,2025-12-12,2025-12-17,-37.88947874926839,SL,"sma:{'fast': 10, 'slow': 30},sl0.03,tp0.06"
1093.HK,2025-12-23,2025-12-29,46.29453140708438,TP,"sma:{'fast': 10, 'slow': 30},sl0.03,tp0.06"
0968.HK,2026-01-12,2026-01-13,17.626224237901,TP,"sma:{'fast': 10, 'slow': 30},sl0.03,tp0.06"
0386.HK,2025-12-30,2026-01-15,50.66731249638303,TP,"sma:{'fast': 10, 'slow': 30},sl0.03,tp0.06"
1177.HK,2026-01-15,2026-01-16,-23.36251617711082,SL,"sma:{'fast': 10, 'slow': 30},sl0.03,tp0.06"
0960.HK,2026-01-16,2026-01-29,53.48055631668342,TP,"sma:{'fast': 10, 'slow': 30},sl0.03,tp0.06"
0267.HK,2026-01-30,2026-02-02,-40.31699599948297,SL,"sma:{'fast': 10, 'slow': 30},sl0.03,tp0.06"
1918.HK,2026-02-10,2026-02-11,-13.30559572671882,SL,"sma:{'fast': 10, 'slow': 30},sl0.03,tp0.06"
1876.HK,2026-02-05,2026-03-02,-24.621055845741466,SL,"sma:{'fast': 10, 'slow': 30},sl0.03,tp0.06"
2007.HK,2026-03-02,2026-03-03,-7.8442562790208825,SL,"sma:{'fast': 10, 'slow': 30},sl0.03,tp0.06"
0762.HK,2026-03-06,2026-03-20,-24.78151431482297,SL,"sma:{'fast': 10, 'slow': 30},sl0.03,tp0.06"
1398.HK,2026-03-25,2026-04-01,36.26435564802125,TP,"sma:{'fast': 10, 'slow': 30},sl0.03,tp0.06"
3988.HK,2026-03-26,2026-04-08,27.66025510728292,TP,"sma:{'fast': 10, 'slow': 30},sl0.03,tp0.06"
0322.HK,2026-04-09,2026-04-16,-40.008695516631406,SL,"sma:{'fast': 10, 'slow': 30},sl0.03,tp0.06"
0101.HK,2026-04-17,2026-04-20,-29.405544631940188,SL,"sma:{'fast': 10, 'slow': 30},sl0.03,tp0.06"
0003.HK,2026-04-23,2026-04-24,-1.413069594604849,SIGNAL,"sma:{'fast': 10, 'slow': 30},sl0.03,tp0.06"
0857.HK,2026-04-24,2026-04-28,61.098979378849435,TP,"sma:{'fast': 10, 'slow': 30},sl0.03,tp0.06"
1918.HK,2026-05-04,2026-05-05,-11.634153624837154,SL,"sma:{'fast': 10, 'slow': 30},sl0.03,tp0.06"
0762.HK,2026-04-28,2026-05-11,40.82012946847908,TP,"sma:{'fast': 10, 'slow': 30},sl0.03,tp0.06"
0968.HK,2026-05-13,2026-05-14,-20.971407705938077,SL,"sma:{'fast': 10, 'slow': 30},sl0.03,tp0.06"
0386.HK,2026-05-06,2026-05-18,-14.663587608354135,SL,"sma:{'fast': 10, 'slow': 30},sl0.03,tp0.06"
1398.HK,2026-06-15,2026-06-17,-23.728415385366134,SL,"sma:{'fast': 10, 'slow': 30},sl0.03,tp0.06"
0939.HK,2026-06-17,2026-06-18,-34.10886375087637,SL,"sma:{'fast': 10, 'slow': 30},sl0.03,tp0.06"
1093.HK,2026-07-07,2026-07-08,-34.70638869537345,SL,"sma:{'fast': 10, 'slow': 30},sl0.03,tp0.06"
1876.HK,2024-07-12,2024-07-30,-48.428238863089746,SL,"sma:{'fast': 10, 'slow': 30},sl0.05,tp0.1"
0386.HK,2024-08-05,2024-08-08,-2.9870254161198773,SIGNAL,"sma:{'fast': 10, 'slow': 30},sl0.05,tp0.1"
0241.HK,2024-08-08,2024-08-13,-34.45222576339415,SL,"sma:{'fast': 10, 'slow': 30},sl0.05,tp0.1"
1177.HK,2024-08-09,2024-08-15,26.883306391859094,TP,"sma:{'fast': 10, 'slow': 30},sl0.05,tp0.1"
1398.HK,2024-08-16,2024-09-02,-21.77724036451707,SL,"sma:{'fast': 10, 'slow': 30},sl0.05,tp0.1"
0386.HK,2024-08-14,2024-09-05,-23.351598859049147,SL,"sma:{'fast': 10, 'slow': 30},sl0.05,tp0.1"
0762.HK,2024-09-25,2024-09-26,-33.98695340387019,SL,"sma:{'fast': 10, 'slow': 30},sl0.05,tp0.1"
0241.HK,2024-09-26,2024-09-27,91.40590976688395,TP,"sma:{'fast': 10, 'slow': 30},sl0.05,tp0.1"
1918.HK,2024-09-26,2024-09-27,39.52402160365345,TP,"sma:{'fast': 10, 'slow': 30},sl0.05,tp0.1"
0101.HK,2024-09-27,2024-09-30,56.60383409598671,TP,"sma:{'fast': 10, 'slow': 30},sl0.05,tp0.1"
3988.HK,2024-09-27,2024-09-30,-18.1516809125456,SL,"sma:{'fast': 10, 'slow': 30},sl0.05,tp0.1"
1898.HK,2024-09-30,2024-10-09,-47.89733195325823,SL,"sma:{'fast': 10, 'slow': 30},sl0.05,tp0.1"
0968.HK,2024-10-28,2024-10-29,-44.725237198071795,SL,"sma:{'fast': 10, 'slow': 30},sl0.05,tp0.1"
1398.HK,2024-11-08,2024-11-12,-46.19987591031304,SL,"sma:{'fast': 10, 'slow': 30},sl0.05,tp0.1"
0241.HK,2024-11-19,2024-11-22,-40.68744364769111,SL,"sma:{'fast': 10, 'slow': 30},sl0.05,tp0.1"
0728.HK,2024-12-03,2025-01-16,23.202529991594133,SIGNAL,"sma:{'fast': 10, 'slow': 30},sl0.05,tp0.1"
0968.HK,2025-01-20,2025-01-22,-34.844077895137616,SL,"sma:{'fast': 10, 'slow': 30},sl0.05,tp0.1"
2007.HK,2025-01-22,2025-01-23,-17.022762064007537,SL,"sma:{'fast': 10, 'slow': 30},sl0.05,tp0.1"
1918.HK,2025-02-17,2025-02-24,18.523012614327257,TP,"sma:{'fast': 10, 'slow': 30},sl0.05,tp0.1"
2007.HK,2025-03-05,2025-03-07,-8.084647942716146,SL,"sma:{'fast': 10, 'slow': 30},sl0.05,tp0.1"
0939.HK,2025-01-27,2025-03-19,56.75758282063441,TP,"sma:{'fast': 10, 'slow': 30},sl0.05,tp0.1"
1898.HK,2025-03-21,2025-04-02,-16.48811074240598,SIGNAL,"sma:{'fast': 10, 'slow': 30},sl0.05,tp0.1"
1177.HK,2025-04-24,2025-05-20,72.63253888308998,TP,"sma:{'fast': 10, 'slow': 30},sl0.05,tp0.1"
1876.HK,2025-05-20,2025-06-09,73.82730618047981,TP,"sma:{'fast': 10, 'slow': 30},sl0.05,tp0.1"
1918.HK,2025-06-17,2025-06-18,-23.93689910721622,SL,"sma:{'fast': 10, 'slow': 30},sl0.05,tp0.1"
0968.HK,2025-06-19,2025-06-20,-38.22447273990724,SL,"sma:{'fast': 10, 'slow': 30},sl0.05,tp0.1"
3988.HK,2025-06-30,2025-07-02,-16.317532553789874,SIGNAL,"sma:{'fast': 10, 'slow': 30},sl0.05,tp0.1"
2007.HK,2025-07-14,2025-07-21,3.9761441038475667,TP,"sma:{'fast': 10, 'slow': 30},sl0.05,tp0.1"
3988.HK,2025-07-03,2025-08-04,-27.695022005737087,SIGNAL,"sma:{'fast': 10, 'slow': 30},sl0.05,tp0.1"
1199.HK,2025-08-18,2025-09-02,-7.564334117574617,SIGNAL,"sma:{'fast': 10, 'slow': 30},sl0.05,tp0.1"
1876.HK,2025-09-02,2025-09-05,-43.365884901639674,SL,"sma:{'fast': 10, 'slow': 30},sl0.05,tp0.1"
1918.HK,2025-09-05,2025-09-09,45.095291891152556,TP,"sma:{'fast': 10, 'slow': 30},sl0.05,tp0.1"
2007.HK,2025-09-10,2025-09-11,-10.462486184311814,SL,"sma:{'fast': 10, 'slow': 30},sl0.05,tp0.1"
0968.HK,2025-11-05,2025-11-07,33.74580060773246,TP,"sma:{'fast': 10, 'slow': 30},sl0.05,tp0.1"
1199.HK,2025-09-11,2025-11-27,4.987492811632137,SIGNAL,"sma:{'fast': 10, 'slow': 30},sl0.05,tp0.1"
1876.HK,2025-12-04,2025-12-09,-40.58092024945415,SL,"sma:{'fast': 10, 'slow': 30},sl0.05,tp0.1"
1199.HK,2025-12-12,2025-12-30,-30.459780789743263,SL,"sma:{'fast': 10, 'slow': 30},sl0.05,tp0.1"
0386.HK,2025-12-30,2026-01-22,43.08187340395881,TP,"sma:{'fast': 10, 'slow': 30},sl0.05,tp0.1"
0968.HK,2026-01-12,2026-01-23,29.97477954889547,TP,"sma:{'fast': 10, 'slow': 30},sl0.05,tp0.1"
0857.HK,2026-01-23,2026-01-29,81.2217661952883,TP,"sma:{'fast': 10, 'slow': 30},sl0.05,tp0.1"
1918.HK,2026-02-10,2026-02-11,-13.738617171970532,SL,"sma:{'fast': 10, 'slow': 30},sl0.05,tp0.1"
2007.HK,2026-03-02,2026-03-03,-7.8442562790208825,SL,"sma:{'fast': 10, 'slow': 30},sl0.05,tp0.1"
1876.HK,2026-02-05,2026-03-04,-39.58629089811893,SL,"sma:{'fast': 10, 'slow': 30},sl0.05,tp0.1"
0762.HK,2026-03-06,2026-03-20,-39.84427965676184,SL,"sma:{'fast': 10, 'slow': 30},sl0.05,tp0.1"
1398.HK,2026-03-25,2026-04-20,61.67038676920993,TP,"sma:{'fast': 10, 'slow': 30},sl0.05,tp0.1"
0003.HK,2026-04-23,2026-04-24,-1.413069594604849,SIGNAL,"sma:{'fast': 10, 'slow': 30},sl0.05,tp0.1"
0728.HK,2026-04-24,2026-05-11,94.8658990063442,TP,"sma:{'fast': 10, 'slow': 30},sl0.05,tp0.1"
0968.HK,2026-05-13,2026-05-15,-50.5774560111264,SL,"sma:{'fast': 10, 'slow': 30},sl0.05,tp0.1"
1398.HK,2026-06-15,2026-06-18,-38.151083360585176,SL,"sma:{'fast': 10, 'slow': 30},sl0.05,tp0.1"
1093.HK,2026-07-07,2026-07-09,-48.682631369304545,SL,"sma:{'fast': 10, 'slow': 30},sl0.05,tp0.1"
0003.HK,2024-07-16,2024-07-22,-19.05277522700578,SL,"sma:{'fast': 20, 'slow': 50},sl0.03,tp0.06"
1177.HK,2024-07-29,2024-07-30,-27.04541466141893,SL,"sma:{'fast': 20, 'slow': 50},sl0.03,tp0.06"
1876.HK,2024-08-02,2024-08-05,47.49481486163609,TP,"sma:{'fast': 20, 'slow': 50},sl0.03,tp0.06"
2628.HK,2024-08-05,2024-08-12,-8.799165363822908,SIGNAL,"sma:{'fast': 20, 'slow': 50},sl0.03,tp0.06"
0867.HK,2024-08-23,2024-08-29,37.32116630797941,TP,"sma:{'fast': 20, 'slow': 50},sl0.03,tp0.06"
0322.HK,2024-09-03,2024-09-04,-30.323560212380357,SL,"sma:{'fast': 20, 'slow': 50},sl0.03,tp0.06"
3988.HK,2024-09-04,2024-09-11,-29.998091851091885,SL,"sma:{'fast': 20, 'slow': 50},sl0.03,tp0.06"
1378.HK,2024-09-13,2024-09-19,47.55528858534956,TP,"sma:{'fast': 20, 'slow': 50},sl0.03,tp0.06"
1918.HK,2024-09-30,2024-10-02,222.6388349416352,TP,"sma:{'fast': 20, 'slow': 50},sl0.03,tp0.06"
0241.HK,2024-10-02,2024-10-03,-35.165380536783005,SL,"sma:{'fast': 20, 'slow': 50},sl0.03,tp0.06"
0762.HK,2024-10-03,2024-10-04,-21.444851615906373,SL,"sma:{'fast': 20, 'slow': 50},sl0.03,tp0.06"
0992.HK,2024-10-07,2024-10-08,-35.225488524609545,SL,"sma:{'fast': 20, 'slow': 50},sl0.03,tp0.06"
0968.HK,2024-10-08,2024-10-09,-126.74353252532751,SL,"sma:{'fast': 20, 'slow': 50},sl0.03,tp0.06"
1093.HK,2024-10-10,2024-10-14,-21.029348428985486,SL,"sma:{'fast': 20, 'slow': 50},sl0.03,tp0.06"
1199.HK,2024-10-14,2024-10-17,-29.06658746357391,SL,"sma:{'fast': 20, 'slow': 50},sl0.03,tp0.06"
0386.HK,2024-10-17,2024-10-18,-28.600214508294926,SL,"sma:{'fast': 20, 'slow': 50},sl0.03,tp0.06"
0857.HK,2024-10-22,2024-10-29,-17.82949551216973,SL,"sma:{'fast': 20, 'slow': 50},sl0.03,tp0.06"
0728.HK,2024-12-16,2025-02-06,50.10005694197298,TP,"sma:{'fast': 20, 'slow': 50},sl0.03,tp0.06"
0968.HK,2025-02-07,2025-02-10,54.76483325153458,TP,"sma:{'fast': 20, 'slow': 50},sl0.03,tp0.06"
0241.HK,2025-02-12,2025-02-13,71.10662143398281,TP,"sma:{'fast': 20, 'slow': 50},sl0.03,tp0.06"
0267.HK,2025-02-18,2025-02-19,-27.802009795051504,SL,"sma:{'fast': 20, 'slow': 50},sl0.03,tp0.06"
1876.HK,2025-02-19,2025-02-26,40.16442543116625,TP,"sma:{'fast': 20, 'slow': 50},sl0.03,tp0.06"
1177.HK,2025-02-26,2025-02-28,-32.113750167559715,SL,"sma:{'fast': 20, 'slow': 50},sl0.03,tp0.06"
1918.HK,2025-03-05,2025-03-06,-14.000423533250512,SL,"sma:{'fast': 20, 'slow': 50},sl0.03,tp0.06"
1199.HK,2025-03-13,2025-03-18,24.74337526022856,TP,"sma:{'fast': 20, 'slow': 50},sl0.03,tp0.06"
2007.HK,2025-03-17,2025-03-18,2.965410927765376,TP,"sma:{'fast': 20, 'slow': 50},sl0.03,tp0.06"
0003.HK,2025-03-03,2025-03-19,32.434560913655446,TP,"sma:{'fast': 20, 'slow': 50},sl0.03,tp0.06"
0857.HK,2025-04-02,2025-04-03,-24.60538118712816,SL,"sma:{'fast': 20, 'slow': 50},sl0.03,tp0.06"
0867.HK,2025-05-12,2025-05-16,-26.638445847155253,SL,"sma:{'fast': 20, 'slow': 50},sl0.03,tp0.06"
0241.HK,2025-05-22,2025-05-23,-31.587837099437706,SL,"sma:{'fast': 20, 'slow': 50},sl0.03,tp0.06"
0857.HK,2025-05-16,2025-05-29,32.435599964579865,TP,"sma:{'fast': 20, 'slow': 50},sl0.03,tp0.06"
1199.HK,2025-05-28,2025-06-12,25.247278774787333,TP,"sma:{'fast': 20, 'slow': 50},sl0.03,tp0.06"
0728.HK,2025-06-04,2025-06-19,-18.051955683260644,SL,"sma:{'fast': 20, 'slow': 50},sl0.03,tp0.06"
0968.HK,2025-07-08,2025-07-09,33.544058562659984,TP,"sma:{'fast': 20, 'slow': 50},sl0.03,tp0.06"
1918.HK,2025-07-07,2025-07-10,26.346535864292207,TP,"sma:{'fast': 20, 'slow': 50},sl0.03,tp0.06"
2007.HK,2025-07-21,2025-07-24,7.698663063985094,TP,"sma:{'fast': 20, 'slow': 50},sl0.03,tp0.06"
0992.HK,2025-07-16,2025-08-04,55.991364981381935,TP,"sma:{'fast': 20, 'slow': 50},sl0.03,tp0.06"
0728.HK,2025-08-04,2025-08-05,-39.94254932396257,SL,"sma:{'fast': 20, 'slow': 50},sl0.03,tp0.06"
1918.HK,2025-09-16,2025-09-17,-28.779890455641805,SL,"sma:{'fast': 20, 'slow': 50},sl0.03,tp0.06"
1898.HK,2025-10-16,2025-10-17,61.76851678161961,TP,"sma:{'fast': 20, 'slow': 50},sl0.03,tp0.06"
0857.HK,2025-10-24,2025-11-04,44.16393835193571,TP,"sma:{'fast': 20, 'slow': 50},sl0.03,tp0.06"
0939.HK,2025-11-04,2025-11-12,42.81723538804124,TP,"sma:{'fast': 20, 'slow': 50},sl0.03,tp0.06"
1199.HK,2025-12-24,2025-12-30,-18.719204839384133,SL,"sma:{'fast': 20, 'slow': 50},sl0.03,tp0.06"
3988.HK,2025-11-06,2025-12-31,3.112606599779326,SIGNAL,"sma:{'fast': 20, 'slow': 50},sl0.03,tp0.06"
0241.HK,2026-01-16,2026-01-19,-57.36475204755777,SL,"sma:{'fast': 20, 'slow': 50},sl0.03,tp0.06"
0322.HK,2026-01-20,2026-01-26,47.815737246658045,SIGNAL,"sma:{'fast': 20, 'slow': 50},sl0.03,tp0.06"
0968.HK,2026-01-28,2026-01-30,-11.337667514966427,SL,"sma:{'fast': 20, 'slow': 50},sl0.03,tp0.06"
0101.HK,2026-01-26,2026-02-10,50.31512561796217,TP,"sma:{'fast': 20, 'slow': 50},sl0.03,tp0.06"
1876.HK,2026-02-16,2026-03-02,-24.435469159851777,SL,"sma:{'fast': 20, 'slow': 50},sl0.03,tp0.06"
1918.HK,2026-02-27,2026-03-02,-12.324315828375006,SL,"sma:{'fast': 20, 'slow': 50},sl0.03,tp0.06"
2007.HK,2026-03-23,2026-03-25,5.303523625362985,TP,"sma:{'fast': 20, 'slow': 50},sl0.03,tp0.06"
3988.HK,2026-03-31,2026-04-20,54.46596424565473,TP,"sma:{'fast': 20, 'slow': 50},sl0.03,tp0.06"
0267.HK,2026-04-20,2026-05-07,70.61603884516512,TP,"sma:{'fast': 20, 'slow': 50},sl0.03,tp0.06"
0101.HK,2026-05-12,2026-05-13,-29.644089176951297,SL,"sma:{'fast': 20, 'slow': 50},sl0.03,tp0.06"
1918.HK,2026-05-14,2026-05-15,-16.076130464980565,SL,"sma:{'fast': 20, 'slow': 50},sl0.03,tp0.06"
0762.HK,2026-05-14,2026-06-04,-25.135997455833376,SL,"sma:{'fast': 20, 'slow': 50},sl0.03,tp0.06"
1177.HK,2024-07-29,2024-08-14,26.602294749831515,TP,"sma:{'fast': 20, 'slow': 50},sl0.05,tp0.1"
0003.HK,2024-07-16,2024-09-13,-15.683261942138643,SIGNAL,"sma:{'fast': 20, 'slow': 50},sl0.05,tp0.1"
3988.HK,2024-09-04,2024-09-25,31.922636142935744,TP,"sma:{'fast': 20, 'slow': 50},sl0.05,tp0.1"
1918.HK,2024-09-30,2024-10-02,222.6388349416352,TP,"sma:{'fast': 20, 'slow': 50},sl0.05,tp0.1"
0241.HK,2024-10-02,2024-10-03,78.04506707349776,TP,"sma:{'fast': 20, 'slow': 50},sl0.05,tp0.1"
0728.HK,2024-09-17,2024-10-07,39.07218943564942,TP,"sma:{'fast': 20, 'slow': 50},sl0.05,tp0.1"
0762.HK,2024-10-03,2024-10-08,69.43630038127208,TP,"sma:{'fast': 20, 'slow': 50},sl0.05,tp0.1"
0968.HK,2024-10-08,2024-10-09,-190.11529878799115,SL,"sma:{'fast': 20, 'slow': 50},sl0.05,tp0.1"
1093.HK,2024-10-10,2024-10-14,-33.81146241344902,SL,"sma:{'fast': 20, 'slow': 50},sl0.05,tp0.1"
1199.HK,2024-10-14,2024-10-30,-46.733917259997384,SL,"sma:{'fast': 20, 'slow': 50},sl0.05,tp0.1"
2007.HK,2025-01-22,2025-01-23,-17.022762064007537,SL,"sma:{'fast': 20, 'slow': 50},sl0.05,tp0.1"
0728.HK,2024-12-16,2025-02-10,85.19908415743555,TP,"sma:{'fast': 20, 'slow': 50},sl0.05,tp0.1"
0241.HK,2025-02-12,2025-02-13,118.41151702220122,TP,"sma:{'fast': 20, 'slow': 50},sl0.05,tp0.1"
1177.HK,2025-02-26,2025-03-04,-17.211071476481834,SL,"sma:{'fast': 20, 'slow': 50},sl0.05,tp0.1"
1918.HK,2025-03-05,2025-03-07,-22.510197863020778,SL,"sma:{'fast': 20, 'slow': 50},sl0.05,tp0.1"
1199.HK,2025-03-13,2025-03-18,42.07805419416752,TP,"sma:{'fast': 20, 'slow': 50},sl0.05,tp0.1"
0267.HK,2025-02-18,2025-04-07,-44.70070066022868,SL,"sma:{'fast': 20, 'slow': 50},sl0.05,tp0.1"
0867.HK,2025-05-12,2025-05-20,78.60598149168152,TP,"sma:{'fast': 20, 'slow': 50},sl0.05,tp0.1"
3988.HK,2025-05-15,2025-06-02,-23.627205171749438,SL,"sma:{'fast': 20, 'slow': 50},sl0.05,tp0.1"
1398.HK,2025-05-21,2025-06-12,50.218389707591314,TP,"sma:{'fast': 20, 'slow': 50},sl0.05,tp0.1"
1918.HK,2025-07-07,2025-07-10,44.80435479262195,TP,"sma:{'fast': 20, 'slow': 50},sl0.05,tp0.1"
0968.HK,2025-07-08,2025-07-10,52.11411652628419,TP,"sma:{'fast': 20, 'slow': 50},sl0.05,tp0.1"
0386.HK,2025-05-28,2025-07-21,37.67627072355339,TP,"sma:{'fast': 20, 'slow': 50},sl0.05,tp0.1"
2007.HK,2025-07-21,2025-07-24,13.092181572725622,TP,"sma:{'fast': 20, 'slow': 50},sl0.05,tp0.1"
0992.HK,2025-07-16,2025-08-05,95.21771647213166,TP,"sma:{'fast': 20, 'slow': 50},sl0.05,tp0.1"
0241.HK,2025-08-01,2025-08-15,47.325814270878084,TP,"sma:{'fast': 20, 'slow': 50},sl0.05,tp0.1"
1918.HK,2025-09-16,2025-09-17,-28.779890455641805,SL,"sma:{'fast': 20, 'slow': 50},sl0.05,tp0.1"
1898.HK,2025-10-16,2025-11-03,97.6416971557253,TP,"sma:{'fast': 20, 'slow': 50},sl0.05,tp0.1"
0966.HK,2025-11-03,2025-11-12,160.94650741681698,TP,"sma:{'fast': 20, 'slow': 50},sl0.05,tp0.1"
0762.HK,2025-11-12,2025-11-18,-102.58995139023546,SL,"sma:{'fast': 20, 'slow': 50},sl0.05,tp0.1"
2331.HK,2025-11-28,2025-12-04,-91.65951953549325,SL,"sma:{'fast': 20, 'slow': 50},sl0.05,tp0.1"
1199.HK,2025-12-24,2026-01-05,-17.553782897630526,SIGNAL,"sma:{'fast': 20, 'slow': 50},sl0.05,tp0.1"
0241.HK,2026-01-16,2026-01-19,-114.72950409511554,SL,"sma:{'fast': 20, 'slow': 50},sl0.05,tp0.1"
0867.HK,2026-01-20,2026-02-02,131.99210935491283,TP,"sma:{'fast': 20, 'slow': 50},sl0.05,tp0.1"
1177.HK,2026-02-02,2026-02-03,-69.37881934124789,SL,"sma:{'fast': 20, 'slow': 50},sl0.05,tp0.1"
0857.HK,2026-02-03,2026-03-02,105.54527965968384,TP,"sma:{'fast': 20, 'slow': 50},sl0.05,tp0.1"
1876.HK,2026-02-16,2026-03-04,-39.28790042370224,SL,"sma:{'fast': 20, 'slow': 50},sl0.05,tp0.1"
2007.HK,2026-03-23,2026-03-25,9.01905872505489,TP,"sma:{'fast': 20, 'slow': 50},sl0.05,tp0.1"
1918.HK,2026-05-14,2026-05-15,-17.12043193796478,SL,"sma:{'fast': 20, 'slow': 50},sl0.05,tp0.1"
3988.HK,2026-03-31,2026-06-08,138.93547896131327,TP,"sma:{'fast': 20, 'slow': 50},sl0.05,tp0.1"
0968.HK,2024-07-12,2024-07-23,-23.13200650242686,SL,"rsi:{'period': 14, 'os': 30, 'ob': 70},sl0.03,tp0.06"
0175.HK,2024-07-29,2024-08-02,-25.1314438745286,SL,"rsi:{'period': 14, 'os': 30, 'ob': 70},sl0.03,tp0.06"
0857.HK,2024-08-08,2024-08-27,32.905059505289955,TP,"rsi:{'period': 14, 'os': 30, 'ob': 70},sl0.03,tp0.06"
0960.HK,2024-08-27,2024-08-28,-27.41763131818186,SL,"rsi:{'period': 14, 'os': 30, 'ob': 70},sl0.03,tp0.06"
0968.HK,2024-09-02,2024-09-03,51.355520700310876,TP,"rsi:{'period': 14, 'os': 30, 'ob': 70},sl0.03,tp0.06"
1093.HK,2024-09-04,2024-09-09,-29.2767493220814,SL,"rsi:{'period': 14, 'os': 30, 'ob': 70},sl0.03,tp0.06"
0968.HK,2024-09-12,2024-09-16,-28.140725996230344,SL,"rsi:{'period': 14, 'os': 30, 'ob': 70},sl0.03,tp0.06"
0386.HK,2024-09-16,2024-09-23,45.039757926754305,TP,"rsi:{'period': 14, 'os': 30, 'ob': 70},sl0.03,tp0.06"
1199.HK,2024-11-18,2024-12-10,46.21577475111951,TP,"rsi:{'period': 14, 'os': 30, 'ob': 70},sl0.03,tp0.06"
1093.HK,2024-12-19,2025-01-06,-29.316571499865518,SL,"rsi:{'period': 14, 'os': 30, 'ob': 70},sl0.03,tp0.06"
0960.HK,2025-01-14,2025-01-17,51.671720312642265,TP,"rsi:{'period': 14, 'os': 30, 'ob': 70},sl0.03,tp0.06"
1093.HK,2025-01-17,2025-02-10,47.72468502593563,TP,"rsi:{'period': 14, 'os': 30, 'ob': 70},sl0.03,tp0.06"
1898.HK,2025-02-27,2025-03-04,-24.73377316662709,SL,"rsi:{'period': 14, 'os': 30, 'ob': 70},sl0.03,tp0.06"
1898.HK,2025-03-04,2025-03-06,-24.581471091828803,SL,"rsi:{'period': 14, 'os': 30, 'ob': 70},sl0.03,tp0.06"
0386.HK,2025-03-06,2025-04-07,-48.20768947162628,SL,"rsi:{'period': 14, 'os': 30, 'ob': 70},sl0.03,tp0.06"
0857.HK,2025-04-09,2025-04-11,-31.432304526007442,SL,"rsi:{'period': 14, 'os': 30, 'ob': 70},sl0.03,tp0.06"
0939.HK,2025-04-11,2025-04-14,32.55827071128158,TP,"rsi:{'period': 14, 'os': 30, 'ob': 70},sl0.03,tp0.06"
0968.HK,2025-04-14,2025-04-16,-8.636291801331794,SL,"rsi:{'period': 14, 'os': 30, 'ob': 70},sl0.03,tp0.06"
0386.HK,2025-04-14,2025-05-12,40.13959515369288,TP,"rsi:{'period': 14, 'os': 30, 'ob': 70},sl0.03,tp0.06"
0939.HK,2025-08-29,2025-09-25,-23.582425673517832,SL,"rsi:{'period': 14, 'os': 30, 'ob': 70},sl0.03,tp0.06"
0728.HK,2025-09-26,2025-10-08,-17.427301550243556,SL,"rsi:{'period': 14, 'os': 30, 'ob': 70},sl0.03,tp0.06"
0728.HK,2025-10-10,2025-10-16,30.128094058571264,TP,"rsi:{'period': 14, 'os': 30, 'ob': 70},sl0.03,tp0.06"
3988.HK,2025-09-29,2025-10-28,22.786394872396272,TP,"rsi:{'period': 14, 'os': 30, 'ob': 70},sl0.03,tp0.06"
1093.HK,2025-11-03,2025-11-05,-40.58063767857743,SL,"rsi:{'period': 14, 'os': 30, 'ob': 70},sl0.03,tp0.06"
0960.HK,2025-11-06,2025-11-07,53.932823635172554,TP,"rsi:{'period': 14, 'os': 30, 'ob': 70},sl0.03,tp0.06"
2007.HK,2025-11-21,2025-11-25,8.554070297700036,TP,"rsi:{'period': 14, 'os': 30, 'ob': 70},sl0.03,tp0.06"
1918.HK,2025-11-21,2025-11-26,-13.606044627512517,SL,"rsi:{'period': 14, 'os': 30, 'ob': 70},sl0.03,tp0.06"
0992.HK,2025-11-26,2025-12-11,-32.22141192820436,SL,"rsi:{'period': 14, 'os': 30, 'ob': 70},sl0.03,tp0.06"
0968.HK,2025-12-18,2026-01-06,50.661182890756436,TP,"rsi:{'period': 14, 'os': 30, 'ob': 70},sl0.03,tp0.06"
0762.HK,2026-01-07,2026-01-15,-25.973864821253187,SL,"rsi:{'period': 14, 'os': 30, 'ob': 70},sl0.03,tp0.06"
2007.HK,2026-01-15,2026-01-16,-4.915648407247062,SL,"rsi:{'period': 14, 'os': 30, 'ob': 70},sl0.03,tp0.06"
1918.HK,2026-01-15,2026-01-19,-16.17809466569429,SL,"rsi:{'period': 14, 'os': 30, 'ob': 70},sl0.03,tp0.06"
0728.HK,2026-01-21,2026-02-02,-34.77795708591623,SL,"rsi:{'period': 14, 'os': 30, 'ob': 70},sl0.03,tp0.06"
0762.HK,2026-02-12,2026-03-05,40.316866185950516,TP,"rsi:{'period': 14, 'os': 30, 'ob': 70},sl0.03,tp0.06"
0241.HK,2026-03-09,2026-03-10,64.52527122680647,TP,"rsi:{'period': 14, 'os': 30, 'ob': 70},sl0.03,tp0.06"
0960.HK,2026-03-25,2026-03-26,-27.442144498209473,SL,"rsi:{'period': 14, 'os': 30, 'ob': 70},sl0.03,tp0.06"
0762.HK,2026-03-26,2026-05-07,39.75768639627097,TP,"rsi:{'period': 14, 'os': 30, 'ob': 70},sl0.03,tp0.06"
1093.HK,2026-05-26,2026-05-27,-33.82889334603658,SL,"rsi:{'period': 14, 'os': 30, 'ob': 70},sl0.03,tp0.06"
2007.HK,2026-05-26,2026-05-27,-2.3071118972143694,SL,"rsi:{'period': 14, 'os': 30, 'ob': 70},sl0.03,tp0.06"
2007.HK,2026-06-01,2026-06-02,-2.366268586157773,SL,"rsi:{'period': 14, 'os': 30, 'ob': 70},sl0.03,tp0.06"
1199.HK,2026-06-01,2026-06-11,-32.93057339785116,SL,"rsi:{'period': 14, 'os': 30, 'ob': 70},sl0.03,tp0.06"
2333.HK,2026-06-11,2026-06-18,-34.8013853062356,SL,"rsi:{'period': 14, 'os': 30, 'ob': 70},sl0.03,tp0.06"
2007.HK,2026-06-18,2026-06-22,-1.991609507210363,SL,"rsi:{'period': 14, 'os': 30, 'ob': 70},sl0.03,tp0.06"
0322.HK,2026-06-26,2026-07-03,56.11470202307737,TP,"rsi:{'period': 14, 'os': 30, 'ob': 70},sl0.03,tp0.06"
2007.HK,2026-07-06,2026-07-07,-1.8535770371193223,SL,"rsi:{'period': 14, 'os': 30, 'ob': 70},sl0.03,tp0.06"
0968.HK,2024-07-12,2024-07-30,-37.19216365859597,SL,"rsi:{'period': 14, 'os': 30, 'ob': 70},sl0.05,tp0.1"
0857.HK,2024-07-30,2024-08-05,-31.68340642549333,SL,"rsi:{'period': 14, 'os': 30, 'ob': 70},sl0.05,tp0.1"
0968.HK,2024-08-27,2024-08-29,-15.96586882656527,SL,"rsi:{'period': 14, 'os': 30, 'ob': 70},sl0.05,tp0.1"
0857.HK,2024-08-08,2024-09-05,-30.489535958158285,SL,"rsi:{'period': 14, 'os': 30, 'ob': 70},sl0.05,tp0.1"
0968.HK,2024-09-02,2024-09-09,-15.86185649039112,SL,"rsi:{'period': 14, 'os': 30, 'ob': 70},sl0.05,tp0.1"
0968.HK,2024-09-12,2024-09-16,-45.245296235486535,SL,"rsi:{'period': 14, 'os': 30, 'ob': 70},sl0.05,tp0.1"
0386.HK,2024-09-16,2024-09-24,76.59364799677871,TP,"rsi:{'period': 14, 'os': 30, 'ob': 70},sl0.05,tp0.1"
1199.HK,2024-11-18,2025-03-18,78.59355702893242,TP,"rsi:{'period': 14, 'os': 30, 'ob': 70},sl0.05,tp0.1"
0857.HK,2025-04-09,2025-04-23,101.62987483244865,TP,"rsi:{'period': 14, 'os': 30, 'ob': 70},sl0.05,tp0.1"
0939.HK,2025-08-29,2025-11-11,73.46368421567263,TP,"rsi:{'period': 14, 'os': 30, 'ob': 70},sl0.05,tp0.1"
1918.HK,2025-11-21,2025-11-27,-21.87610653142059,SL,"rsi:{'period': 14, 'os': 30, 'ob': 70},sl0.05,tp0.1"
2007.HK,2025-11-21,2025-12-16,-7.926125582249995,SL,"rsi:{'period': 14, 'os': 30, 'ob': 70},sl0.05,tp0.1"
0992.HK,2025-11-28,2025-12-18,-51.43963469597793,SL,"rsi:{'period': 14, 'os': 30, 'ob': 70},sl0.05,tp0.1"
0968.HK,2025-12-18,2026-01-08,86.15332293182803,TP,"rsi:{'period': 14, 'os': 30, 'ob': 70},sl0.05,tp0.1"
1918.HK,2026-01-15,2026-01-19,-12.470437028417564,SL,"rsi:{'period': 14, 'os': 30, 'ob': 70},sl0.05,tp0.1"
0992.HK,2026-01-12,2026-01-21,-47.50391144685432,SL,"rsi:{'period': 14, 'os': 30, 'ob': 70},sl0.05,tp0.1"
0728.HK,2026-01-21,2026-02-02,-53.86471071253982,SL,"rsi:{'period': 14, 'os': 30, 'ob': 70},sl0.05,tp0.1"
2007.HK,2026-01-30,2026-02-02,-6.2074038331496695,SL,"rsi:{'period': 14, 'os': 30, 'ob': 70},sl0.05,tp0.1"
0762.HK,2026-02-12,2026-05-18,68.56199942286105,TP,"rsi:{'period': 14, 'os': 30, 'ob': 70},sl0.05,tp0.1"
1093.HK,2026-05-26,2026-05-27,-40.15695011993648,SL,"rsi:{'period': 14, 'os': 30, 'ob': 70},sl0.05,tp0.1"
2007.HK,2026-05-26,2026-05-27,-3.7094267309188353,SL,"rsi:{'period': 14, 'os': 30, 'ob': 70},sl0.05,tp0.1"
2007.HK,2026-06-01,2026-06-02,-2.536360129627937,SL,"rsi:{'period': 14, 'os': 30, 'ob': 70},sl0.05,tp0.1"
1199.HK,2026-06-01,2026-06-18,-52.94652130829172,SL,"rsi:{'period': 14, 'os': 30, 'ob': 70},sl0.05,tp0.1"
2007.HK,2026-06-18,2026-06-22,-3.2021548467234098,SL,"rsi:{'period': 14, 'os': 30, 'ob': 70},sl0.05,tp0.1"
0322.HK,2026-06-26,2026-07-03,95.42746080450411,TP,"rsi:{'period': 14, 'os': 30, 'ob': 70},sl0.05,tp0.1"
2007.HK,2026-07-06,2026-07-07,-2.980223116880282,SL,"rsi:{'period': 14, 'os': 30, 'ob': 70},sl0.05,tp0.1"
1918.HK,2024-07-10,2024-07-12,18.134628052188305,TP,"rsi:{'period': 14, 'os': 35, 'ob': 65},sl0.03,tp0.06"
1918.HK,2024-07-12,2024-07-16,18.818955062829843,TP,"rsi:{'period': 14, 'os': 35, 'ob': 65},sl0.03,tp0.06"
0867.HK,2024-07-10,2024-07-17,34.16198576474733,TP,"rsi:{'period': 14, 'os': 35, 'ob': 65},sl0.03,tp0.06"
1378.HK,2024-07-19,2024-07-22,-36.616849468882265,SL,"rsi:{'period': 14, 'os': 35, 'ob': 65},sl0.03,tp0.06"
1918.HK,2024-08-01,2024-08-02,-19.050593604669587,SL,"rsi:{'period': 14, 'os': 35, 'ob': 65},sl0.03,tp0.06"
1898.HK,2024-07-25,2024-08-09,39.61042751794548,TP,"rsi:{'period': 14, 'os': 35, 'ob': 65},sl0.03,tp0.06"
0728.HK,2024-08-15,2024-08-21,22.298664143016595,TP,"rsi:{'period': 14, 'os': 35, 'ob': 65},sl0.03,tp0.06"
0857.HK,2024-08-12,2024-08-27,33.15284410090783,TP,"rsi:{'period': 14, 'os': 35, 'ob': 65},sl0.03,tp0.06"
1876.HK,2024-08-28,2024-08-30,-26.5499176716321,SL,"rsi:{'period': 14, 'os': 35, 'ob': 65},sl0.03,tp0.06"
0960.HK,2024-09-02,2024-09-03,-27.41763495297323,SL,"rsi:{'period': 14, 'os': 35, 'ob': 65},sl0.03,tp0.06"
0968.HK,2024-09-03,2024-09-09,-35.57575806712953,SL,"rsi:{'period': 14, 'os': 35, 'ob': 65},sl0.03,tp0.06"
3988.HK,2024-09-13,2024-09-24,58.402741258739525,TP,"rsi:{'period': 14, 'os': 35, 'ob': 65},sl0.03,tp0.06"
0386.HK,2024-11-01,2024-11-11,-26.6174227988638,SL,"rsi:{'period': 14, 'os': 35, 'ob': 65},sl0.03,tp0.06"
0728.HK,2024-11-14,2024-12-06,46.48349237041566,TP,"rsi:{'period': 14, 'os': 35, 'ob': 65},sl0.03,tp0.06"
1093.HK,2024-12-09,2024-12-13,-31.504375635245992,SL,"rsi:{'period': 14, 'os': 35, 'ob': 65},sl0.03,tp0.06"
1093.HK,2024-12-19,2025-01-06,-29.316571499865518,SL,"rsi:{'period': 14, 'os': 35, 'ob': 65},sl0.03,tp0.06"
0241.HK,2025-01-10,2025-01-13,-18.086317806701686,SL,"rsi:{'period': 14, 'os': 35, 'ob': 65},sl0.03,tp0.06"
0867.HK,2025-01-08,2025-01-15,-22.67344940130829,SL,"rsi:{'period': 14, 'os': 35, 'ob': 65},sl0.03,tp0.06"
0241.HK,2025-01-14,2025-01-21,18.53381897835004,TP,"rsi:{'period': 14, 'os': 35, 'ob': 65},sl0.03,tp0.06"
1918.HK,2025-01-21,2025-01-22,-10.713938528791687,SL,"rsi:{'period': 14, 'os': 35, 'ob': 65},sl0.03,tp0.06"
2007.HK,2025-01-22,2025-01-23,-17.022762064007537,SL,"rsi:{'period': 14, 'os': 35, 'ob': 65},sl0.03,tp0.06"
1177.HK,2025-01-22,2025-02-03,-21.40584082069364,SL,"rsi:{'period': 14, 'os': 35, 'ob': 65},sl0.03,tp0.06"
2007.HK,2025-01-28,2025-02-03,-4.2888619317812555,SL,"rsi:{'period': 14, 'os': 35, 'ob': 65},sl0.03,tp0.06"
1177.HK,2025-02-04,2025-02-13,16.127659312187916,TP,"rsi:{'period': 14, 'os': 35, 'ob': 65},sl0.03,tp0.06"
0003.HK,2025-01-15,2025-03-05,31.122482851587847,TP,"rsi:{'period': 14, 'os': 35, 'ob': 65},sl0.03,tp0.06"
1918.HK,2025-03-27,2025-03-31,-5.291239642662532,SL,"rsi:{'period': 14, 'os': 35, 'ob': 65},sl0.03,tp0.06"
0386.HK,2025-03-06,2025-04-07,-48.20768947162628,SL,"rsi:{'period': 14, 'os': 35, 'ob': 65},sl0.03,tp0.06"
1918.HK,2025-04-07,2025-04-08,-31.41782519876716,SL,"rsi:{'period': 14, 'os': 35, 'ob': 65},sl0.03,tp0.06"
2007.HK,2025-04-09,2025-04-10,13.089463103145349,TP,"rsi:{'period': 14, 'os': 35, 'ob': 65},sl0.03,tp0.06"
1918.HK,2025-04-10,2025-04-14,-5.126915196549902,SL,"rsi:{'period': 14, 'os': 35, 'ob': 65},sl0.03,tp0.06"
1898.HK,2025-04-09,2025-04-15,39.53538329766059,TP,"rsi:{'period': 14, 'os': 35, 'ob': 65},sl0.03,tp0.06"
0968.HK,2025-04-15,2025-04-16,-8.89505716718611,SL,"rsi:{'period': 14, 'os': 35, 'ob': 65},sl0.03,tp0.06"
0857.HK,2025-04-15,2025-04-23,28.665221827073424,TP,"rsi:{'period': 14, 'os': 35, 'ob': 65},sl0.03,tp0.06"
0386.HK,2025-04-16,2025-05-12,20.121927850026623,TP,"rsi:{'period': 14, 'os': 35, 'ob': 65},sl0.03,tp0.06"
0968.HK,2025-05-13,2025-05-14,-8.47456313118849,SL,"rsi:{'period': 14, 'os': 35, 'ob': 65},sl0.03,tp0.06"
0728.HK,2025-05-07,2025-05-20,29.092070152064764,TP,"rsi:{'period': 14, 'os': 35, 'ob': 65},sl0.03,tp0.06"
2007.HK,2025-06-05,2025-06-06,-3.943781123846918,SL,"rsi:{'period': 14, 'os': 35, 'ob': 65},sl0.03,tp0.06"
0968.HK,2025-06-25,2025-06-30,40.07414724927071,TP,"rsi:{'period': 14, 'os': 35, 'ob': 65},sl0.03,tp0.06"
0728.HK,2025-07-11,2025-07-28,59.61799213781387,TP,"rsi:{'period': 14, 'os': 35, 'ob': 65},sl0.03,tp0.06"
3988.HK,2025-08-21,2025-08-27,-27.76446578980631,SL,"rsi:{'period': 14, 'os': 35, 'ob': 65},sl0.03,tp0.06"
3988.HK,2025-09-02,2025-09-25,-13.47577010202997,SL,"rsi:{'period': 14, 'os': 35, 'ob': 65},sl0.03,tp0.06"
1398.HK,2025-08-29,2025-09-26,-18.077707553764412,SL,"rsi:{'period': 14, 'os': 35, 'ob': 65},sl0.03,tp0.06"
0939.HK,2025-09-29,2025-10-08,-23.27007276775953,SL,"rsi:{'period': 14, 'os': 35, 'ob': 65},sl0.03,tp0.06"
1398.HK,2025-10-10,2025-10-21,30.44905241039976,TP,"rsi:{'period': 14, 'os': 35, 'ob': 65},sl0.03,tp0.06"
3988.HK,2025-10-10,2025-10-27,22.677887790973386,TP,"rsi:{'period': 14, 'os': 35, 'ob': 65},sl0.03,tp0.06"
1177.HK,2025-10-28,2025-10-30,-22.972599630960417,SL,"rsi:{'period': 14, 'os': 35, 'ob': 65},sl0.03,tp0.06"
1177.HK,2025-11-03,2025-11-05,-23.070077769138265,SL,"rsi:{'period': 14, 'os': 35, 'ob': 65},sl0.03,tp0.06"
1918.HK,2025-11-04,2025-11-07,-9.727993419233371,SL,"rsi:{'period': 14, 'os': 35, 'ob': 65},sl0.03,tp0.06"
0960.HK,2025-11-07,2025-11-11,55.9114919816509,TP,"rsi:{'period': 14, 'os': 35, 'ob': 65},sl0.03,tp0.06"
1918.HK,2025-11-14,2025-11-17,-9.399344527008111,SL,"rsi:{'period': 14, 'os': 35, 'ob': 65},sl0.03,tp0.06"
1093.HK,2025-11-11,2025-11-21,-24.525966587104904,SL,"rsi:{'period': 14, 'os': 35, 'ob': 65},sl0.03,tp0.06"
2007.HK,2025-11-21,2025-11-25,8.554070297700036,TP,"rsi:{'period': 14, 'os': 35, 'ob': 65},sl0.03,tp0.06"
1918.HK,2025-11-21,2025-11-26,-13.606044627512517,SL,"rsi:{'period': 14, 'os': 35, 'ob': 65},sl0.03,tp0.06"
0968.HK,2025-11-27,2025-12-09,-31.3588071037517,SL,"rsi:{'period': 14, 'os': 35, 'ob': 65},sl0.03,tp0.06"
1918.HK,2025-12-11,2025-12-15,-16.36173043579811,SL,"rsi:{'period': 14, 'os': 35, 'ob': 65},sl0.03,tp0.06"
0728.HK,2025-12-15,2025-12-17,-18.200417366692022,SL,"rsi:{'period': 14, 'os': 35, 'ob': 65},sl0.03,tp0.06"
1918.HK,2026-01-15,2026-01-19,-10.785396443796202,SL,"rsi:{'period': 14, 'os': 35, 'ob': 65},sl0.03,tp0.06"
0939.HK,2025-12-19,2026-01-29,42.195338867236956,TP,"rsi:{'period': 14, 'os': 35, 'ob': 65},sl0.03,tp0.06"
0762.HK,2026-01-29,2026-02-02,-77.1122496409472,SL,"rsi:{'period': 14, 'os': 35, 'ob': 65},sl0.03,tp0.06"
1918.HK,2026-01-30,2026-02-02,-12.424995755901321,SL,"rsi:{'period': 14, 'os': 35, 'ob': 65},sl0.03,tp0.06"
2007.HK,2026-01-30,2026-02-02,-6.2074038331496695,SL,"rsi:{'period': 14, 'os': 35, 'ob': 65},sl0.03,tp0.06"
2007.HK,2026-02-05,2026-02-09,4.790279387106494,TP,"rsi:{'period': 14, 'os': 35, 'ob': 65},sl0.03,tp0.06"
0762.HK,2026-02-20,2026-03-06,41.09971915303072,TP,"rsi:{'period': 14, 'os': 35, 'ob': 65},sl0.03,tp0.06"
1177.HK,2026-03-06,2026-03-10,33.378162528922076,TP,"rsi:{'period': 14, 'os': 35, 'ob': 65},sl0.03,tp0.06"
0241.HK,2026-03-11,2026-03-12,-17.25404215972503,SL,"rsi:{'period': 14, 'os': 35, 'ob': 65},sl0.03,tp0.06"
0241.HK,2026-03-17,2026-03-19,-16.92539405105856,SL,"rsi:{'period': 14, 'os': 35, 'ob': 65},sl0.03,tp0.06"
1876.HK,2026-03-23,2026-04-02,38.10675339421516,TP,"rsi:{'period': 14, 'os': 35, 'ob': 65},sl0.03,tp0.06"
0968.HK,2026-04-02,2026-04-14,-9.797579717863528,SL,"rsi:{'period': 14, 'os': 35, 'ob': 65},sl0.03,tp0.06"
0968.HK,2026-04-16,2026-04-20,16.602766544775932,TP,"rsi:{'period': 14, 'os': 35, 'ob': 65},sl0.03,tp0.06"
2007.HK,2026-04-30,2026-05-05,-3.2855989401912638,SL,"rsi:{'period': 14, 'os': 35, 'ob': 65},sl0.03,tp0.06"
0762.HK,2026-04-02,2026-05-07,39.701769524555516,TP,"rsi:{'period': 14, 'os': 35, 'ob': 65},sl0.03,tp0.06"
1918.HK,2026-05-20,2026-05-21,-9.958047095299946,SL,"rsi:{'period': 14, 'os': 35, 'ob': 65},sl0.03,tp0.06"
1177.HK,2026-05-22,2026-05-26,-34.31267907311519,SL,"rsi:{'period': 14, 'os': 35, 'ob': 65},sl0.03,tp0.06"
1093.HK,2026-05-26,2026-05-27,-33.82889334603658,SL,"rsi:{'period': 14, 'os': 35, 'ob': 65},sl0.03,tp0.06"
1918.HK,2026-06-01,2026-06-02,-6.310049563087404,SL,"rsi:{'period': 14, 'os': 35, 'ob': 65},sl0.03,tp0.06"
2007.HK,2026-06-01,2026-06-02,-2.366268586157773,SL,"rsi:{'period': 14, 'os': 35, 'ob': 65},sl0.03,tp0.06"
0003.HK,2026-06-01,2026-06-08,-22.808201542314123,SL,"rsi:{'period': 14, 'os': 35, 'ob': 65},sl0.03,tp0.06"
0968.HK,2026-06-05,2026-06-08,-11.868696091742464,SL,"rsi:{'period': 14, 'os': 35, 'ob': 65},sl0.03,tp0.06"
2007.HK,2026-06-08,2026-06-09,-2.119782357740654,SL,"rsi:{'period': 14, 'os': 35, 'ob': 65},sl0.03,tp0.06"
0003.HK,2026-06-09,2026-06-17,-22.512416599741414,SL,"rsi:{'period': 14, 'os': 35, 'ob': 65},sl0.03,tp0.06"
0003.HK,2026-06-22,2026-06-30,-22.216634085500573,SL,"rsi:{'period': 14, 'os': 35, 'ob': 65},sl0.03,tp0.06"
0003.HK,2026-06-30,2026-07-02,-21.98657962587515,SL,"rsi:{'period': 14, 'os': 35, 'ob': 65},sl0.03,tp0.06"
2007.HK,2026-07-06,2026-07-07,-1.8535770371193223,SL,"rsi:{'period': 14, 'os': 35, 'ob': 65},sl0.03,tp0.06"
1918.HK,2024-07-10,2024-07-12,30.839360190183015,TP,"rsi:{'period': 14, 'os': 35, 'ob': 65},sl0.05,tp0.1"
1918.HK,2024-07-12,2024-07-24,-17.43747665889714,SL,"rsi:{'period': 14, 'os': 35, 'ob': 65},sl0.05,tp0.1"
0968.HK,2024-08-01,2024-08-02,-18.899278392504925,SL,"rsi:{'period': 14, 'os': 35, 'ob': 65},sl0.05,tp0.1"
0867.HK,2024-07-10,2024-08-16,58.095141558958744,TP,"rsi:{'period': 14, 'os': 35, 'ob': 65},sl0.05,tp0.1"
0728.HK,2024-08-15,2024-08-26,37.92063081125184,TP,"rsi:{'period': 14, 'os': 35, 'ob': 65},sl0.05,tp0.1"
0968.HK,2024-09-03,2024-09-09,-16.329912692159155,SL,"rsi:{'period': 14, 'os': 35, 'ob': 65},sl0.05,tp0.1"
0241.HK,2024-08-19,2024-09-10,-31.176094460779495,SL,"rsi:{'period': 14, 'os': 35, 'ob': 65},sl0.05,tp0.1"
3988.HK,2024-09-13,2024-09-24,87.22183209146783,TP,"rsi:{'period': 14, 'os': 35, 'ob': 65},sl0.05,tp0.1"
0386.HK,2024-11-01,2024-11-12,-42.796094874066625,SL,"rsi:{'period': 14, 'os': 35, 'ob': 65},sl0.05,tp0.1"
0728.HK,2024-11-14,2024-12-16,79.04883188028168,TP,"rsi:{'period': 14, 'os': 35, 'ob': 65},sl0.05,tp0.1"
1093.HK,2024-12-19,2025-01-07,-47.13584725205442,SL,"rsi:{'period': 14, 'os': 35, 'ob': 65},sl0.05,tp0.1"
0241.HK,2025-01-10,2025-01-13,-18.086317806701686,SL,"rsi:{'period': 14, 'os': 35, 'ob': 65},sl0.05,tp0.1"
0867.HK,2025-01-08,2025-01-16,-36.45488517175875,SL,"rsi:{'period': 14, 'os': 35, 'ob': 65},sl0.05,tp0.1"
2007.HK,2025-01-22,2025-01-23,-5.674254021335848,SL,"rsi:{'period': 14, 'os': 35, 'ob': 65},sl0.05,tp0.1"
0241.HK,2025-01-14,2025-01-28,33.835511479463605,TP,"rsi:{'period': 14, 'os': 35, 'ob': 65},sl0.05,tp0.1"
1177.HK,2025-01-28,2025-02-03,-14.531502356051305,SL,"rsi:{'period': 14, 'os': 35, 'ob': 65},sl0.05,tp0.1"
2007.HK,2025-01-28,2025-02-04,-9.428405759451977,SL,"rsi:{'period': 14, 'os': 35, 'ob': 65},sl0.05,tp0.1"
0867.HK,2025-01-20,2025-02-14,64.9490285183715,TP,"rsi:{'period': 14, 'os': 35, 'ob': 65},sl0.05,tp0.1"
1177.HK,2025-02-04,2025-02-14,27.426352121575746,TP,"rsi:{'period': 14, 'os': 35, 'ob': 65},sl0.05,tp0.1"
0857.HK,2025-03-04,2025-03-31,101.53524153831495,TP,"rsi:{'period': 14, 'os': 35, 'ob': 65},sl0.05,tp0.1"
0968.HK,2025-04-02,2025-04-07,-88.54189828608855,SL,"rsi:{'period': 14, 'os': 35, 'ob': 65},sl0.05,tp0.1"
1918.HK,2025-04-07,2025-04-08,-31.41782519876716,SL,"rsi:{'period': 14, 'os': 35, 'ob': 65},sl0.05,tp0.1"
2007.HK,2025-04-09,2025-04-10,13.089463103145349,TP,"rsi:{'period': 14, 'os': 35, 'ob': 65},sl0.05,tp0.1"
1918.HK,2025-04-10,2025-04-15,-16.48634060636465,SL,"rsi:{'period': 14, 'os': 35, 'ob': 65},sl0.05,tp0.1"
0968.HK,2025-04-15,2025-04-16,-14.301674257261027,SL,"rsi:{'period': 14, 'os': 35, 'ob': 65},sl0.05,tp0.1"
1898.HK,2025-04-09,2025-05-13,67.23302635514347,TP,"rsi:{'period': 14, 'os': 35, 'ob': 65},sl0.05,tp0.1"
0968.HK,2025-05-13,2025-05-16,-40.8767832843032,SL,"rsi:{'period': 14, 'os': 35, 'ob': 65},sl0.05,tp0.1"
0386.HK,2025-04-16,2025-05-26,34.21891967687543,TP,"rsi:{'period': 14, 'os': 35, 'ob': 65},sl0.05,tp0.1"
2007.HK,2025-06-05,2025-06-06,-6.340900560286784,SL,"rsi:{'period': 14, 'os': 35, 'ob': 65},sl0.05,tp0.1"
0960.HK,2025-06-05,2025-06-23,-49.76749425301773,SL,"rsi:{'period': 14, 'os': 35, 'ob': 65},sl0.05,tp0.1"
0322.HK,2025-06-23,2025-08-12,-55.999936961445655,SL,"rsi:{'period': 14, 'os': 35, 'ob': 65},sl0.05,tp0.1"
3988.HK,2025-08-21,2025-09-25,-44.64033655876915,SL,"rsi:{'period': 14, 'os': 35, 'ob': 65},sl0.05,tp0.1"
0939.HK,2025-09-29,2025-10-31,36.49316979697198,SIGNAL,"rsi:{'period': 14, 'os': 35, 'ob': 65},sl0.05,tp0.1"
1918.HK,2025-11-04,2025-11-10,-15.64088801721175,SL,"rsi:{'period': 14, 'os': 35, 'ob': 65},sl0.05,tp0.1"
1918.HK,2025-11-14,2025-11-17,-15.112478889167562,SL,"rsi:{'period': 14, 'os': 35, 'ob': 65},sl0.05,tp0.1"
1177.HK,2025-11-03,2025-11-21,-37.0925932394282,SL,"rsi:{'period': 14, 'os': 35, 'ob': 65},sl0.05,tp0.1"
1918.HK,2025-11-21,2025-11-27,-21.87610653142059,SL,"rsi:{'period': 14, 'os': 35, 'ob': 65},sl0.05,tp0.1"
1918.HK,2025-12-01,2025-12-08,-7.292035510473539,SL,"rsi:{'period': 14, 'os': 35, 'ob': 65},sl0.05,tp0.1"
0968.HK,2025-11-27,2025-12-10,-33.612933255306075,SL,"rsi:{'period': 14, 'os': 35, 'ob': 65},sl0.05,tp0.1"
1918.HK,2025-12-11,2025-12-15,-21.559061810488345,SL,"rsi:{'period': 14, 'os': 35, 'ob': 65},sl0.05,tp0.1"
2007.HK,2025-11-21,2025-12-16,-7.926125582249995,SL,"rsi:{'period': 14, 'os': 35, 'ob': 65},sl0.05,tp0.1"
0728.HK,2025-12-15,2025-12-30,-29.263043017290556,SL,"rsi:{'period': 14, 'os': 35, 'ob': 65},sl0.05,tp0.1"
0728.HK,2026-01-05,2026-01-16,-28.43435280297581,SL,"rsi:{'period': 14, 'os': 35, 'ob': 65},sl0.05,tp0.1"
0968.HK,2025-12-22,2026-01-23,29.007851271802394,TP,"rsi:{'period': 14, 'os': 35, 'ob': 65},sl0.05,tp0.1"
0762.HK,2026-01-26,2026-02-02,-40.206972335080195,SL,"rsi:{'period': 14, 'os': 35, 'ob': 65},sl0.05,tp0.1"
2007.HK,2026-01-30,2026-02-02,-9.311105749724518,SL,"rsi:{'period': 14, 'os': 35, 'ob': 65},sl0.05,tp0.1"
2007.HK,2026-02-05,2026-02-23,8.146246562402439,TP,"rsi:{'period': 14, 'os': 35, 'ob': 65},sl0.05,tp0.1"
0762.HK,2026-02-20,2026-03-25,-38.08263482353175,SL,"rsi:{'period': 14, 'os': 35, 'ob': 65},sl0.05,tp0.1"
1876.HK,2026-03-25,2026-04-08,65.35116049702731,TP,"rsi:{'period': 14, 'os': 35, 'ob': 65},sl0.05,tp0.1"
2007.HK,2026-04-30,2026-05-05,-4.5178915251904215,SL,"rsi:{'period': 14, 'os': 35, 'ob': 65},sl0.05,tp0.1"
0762.HK,2026-04-09,2026-05-18,68.3718148034975,TP,"rsi:{'period': 14, 'os': 35, 'ob': 65},sl0.05,tp0.1"
1918.HK,2026-05-20,2026-05-21,-16.01077352496617,SL,"rsi:{'period': 14, 'os': 35, 'ob': 65},sl0.05,tp0.1"
1177.HK,2026-05-22,2026-05-27,-27.58435104880101,SL,"rsi:{'period': 14, 'os': 35, 'ob': 65},sl0.05,tp0.1"
0968.HK,2026-05-22,2026-05-28,-14.488332887969534,SL,"rsi:{'period': 14, 'os': 35, 'ob': 65},sl0.05,tp0.1"
2007.HK,2026-06-01,2026-06-02,-3.8045401944418984,SL,"rsi:{'period': 14, 'os': 35, 'ob': 65},sl0.05,tp0.1"
1918.HK,2026-06-01,2026-06-03,-5.072720259255874,SL,"rsi:{'period': 14, 'os': 35, 'ob': 65},sl0.05,tp0.1"
2007.HK,2026-06-08,2026-06-16,-3.4082340570595733,SL,"rsi:{'period': 14, 'os': 35, 'ob': 65},sl0.05,tp0.1"
0003.HK,2026-06-01,2026-06-30,-36.67154271424704,SL,"rsi:{'period': 14, 'os': 35, 'ob': 65},sl0.05,tp0.1"
2007.HK,2026-07-06,2026-07-07,-2.980223116880282,SL,"rsi:{'period': 14, 'os': 35, 'ob': 65},sl0.05,tp0.1"
1876.HK,2024-07-12,2024-07-16,-28.808857197032353,SL,"hybrid:{'fast': 10, 'slow': 30, 'period': 14, 'os': 40, 'ob': 60},sl0.03,tp0.06"
0966.HK,2024-07-17,2024-07-23,-24.192783916943426,SL,"hybrid:{'fast': 10, 'slow': 30, 'period': 14, 'os': 40, 'ob': 60},sl0.03,tp0.06"
0101.HK,2024-07-24,2024-07-25,-18.517375438903287,SL,"hybrid:{'fast': 10, 'slow': 30, 'period': 14, 'os': 40, 'ob': 60},sl0.03,tp0.06"
0386.HK,2024-08-05,2024-08-08,-2.9870254161198773,SIGNAL,"hybrid:{'fast': 10, 'slow': 30, 'period': 14, 'os': 40, 'ob': 60},sl0.03,tp0.06"
0241.HK,2024-08-08,2024-08-13,-21.427877057583373,SL,"hybrid:{'fast': 10, 'slow': 30, 'period': 14, 'os': 40, 'ob': 60},sl0.03,tp0.06"
0386.HK,2024-08-14,2024-08-27,50.40324333273918,TP,"hybrid:{'fast': 10, 'slow': 30, 'period': 14, 'os': 40, 'ob': 60},sl0.03,tp0.06"
1199.HK,2024-08-27,2024-08-29,15.010079141942015,SIGNAL,"hybrid:{'fast': 10, 'slow': 30, 'period': 14, 'os': 40, 'ob': 60},sl0.03,tp0.06"
0857.HK,2024-08-29,2024-09-04,-22.88545348033631,SL,"hybrid:{'fast': 10, 'slow': 30, 'period': 14, 'os': 40, 'ob': 60},sl0.03,tp0.06"
0939.HK,2024-09-05,2024-09-11,-5.183152482363141,SIGNAL,"hybrid:{'fast': 10, 'slow': 30, 'period': 14, 'os': 40, 'ob': 60},sl0.03,tp0.06"
0267.HK,2024-09-13,2024-09-20,38.5446472080107,TP,"hybrid:{'fast': 10, 'slow': 30, 'period': 14, 'os': 40, 'ob': 60},sl0.03,tp0.06"
0728.HK,2024-10-04,2024-10-07,49.1427280092297,TP,"hybrid:{'fast': 10, 'slow': 30, 'period': 14, 'os': 40, 'ob': 60},sl0.03,tp0.06"
1398.HK,2024-11-08,2024-11-11,-28.73443555956362,SL,"hybrid:{'fast': 10, 'slow': 30, 'period': 14, 'os': 40, 'ob': 60},sl0.03,tp0.06"
0241.HK,2024-11-19,2024-11-21,-25.305927874082954,SL,"hybrid:{'fast': 10, 'slow': 30, 'period': 14, 'os': 40, 'ob': 60},sl0.03,tp0.06"
0728.HK,2024-12-03,2024-12-06,8.306031826641174,SIGNAL,"hybrid:{'fast': 10, 'slow': 30, 'period': 14, 'os': 40, 'ob': 60},sl0.03,tp0.06"
1199.HK,2024-12-09,2024-12-17,10.13667921640581,SIGNAL,"hybrid:{'fast': 10, 'slow': 30, 'period': 14, 'os': 40, 'ob': 60},sl0.03,tp0.06"
0992.HK,2024-12-17,2024-12-27,51.76980073902405,TP,"hybrid:{'fast': 10, 'slow': 30, 'period': 14, 'os': 40, 'ob': 60},sl0.03,tp0.06"
0003.HK,2025-01-13,2025-01-16,-2.7931246951694675,SIGNAL,"hybrid:{'fast': 10, 'slow': 30, 'period': 14, 'os': 40, 'ob': 60},sl0.03,tp0.06"
1199.HK,2025-01-14,2025-01-16,9.698749712404378,SIGNAL,"hybrid:{'fast': 10, 'slow': 30, 'period': 14, 'os': 40, 'ob': 60},sl0.03,tp0.06"
0968.HK,2025-01-20,2025-01-21,-32.50738961465754,SL,"hybrid:{'fast': 10, 'slow': 30, 'period': 14, 'os': 40, 'ob': 60},sl0.03,tp0.06"
2007.HK,2025-01-22,2025-01-23,-17.022762064007537,SL,"hybrid:{'fast': 10, 'slow': 30, 'period': 14, 'os': 40, 'ob': 60},sl0.03,tp0.06"
0728.HK,2025-02-04,2025-02-06,13.695605649680488,SIGNAL,"hybrid:{'fast': 10, 'slow': 30, 'period': 14, 'os': 40, 'ob': 60},sl0.03,tp0.06"
1876.HK,2025-02-10,2025-02-18,37.67005864456985,TP,"hybrid:{'fast': 10, 'slow': 30, 'period': 14, 'os': 40, 'ob': 60},sl0.03,tp0.06"
1918.HK,2025-02-17,2025-02-18,-6.277184752220734,SL,"hybrid:{'fast': 10, 'slow': 30, 'period': 14, 'os': 40, 'ob': 60},sl0.03,tp0.06"
0386.HK,2025-02-18,2025-02-21,-9.967139744867609,SIGNAL,"hybrid:{'fast': 10, 'slow': 30, 'period': 14, 'os': 40, 'ob': 60},sl0.03,tp0.06"
1898.HK,2025-03-21,2025-03-24,-25.22113769721318,SL,"hybrid:{'fast': 10, 'slow': 30, 'period': 14, 'os': 40, 'ob': 60},sl0.03,tp0.06"
0857.HK,2025-03-24,2025-04-01,31.609212883689224,TP,"hybrid:{'fast': 10, 'slow': 30, 'period': 14, 'os': 40, 'ob': 60},sl0.03,tp0.06"
0386.HK,2025-03-25,2025-04-01,-3.111815158246941,SIGNAL,"hybrid:{'fast': 10, 'slow': 30, 'period': 14, 'os': 40, 'ob': 60},sl0.03,tp0.06"
0867.HK,2025-04-29,2025-05-12,8.968719910794107,SIGNAL,"hybrid:{'fast': 10, 'slow': 30, 'period': 14, 'os': 40, 'ob': 60},sl0.03,tp0.06"
0386.HK,2025-05-13,2025-05-16,-0.7048427238302111,SIGNAL,"hybrid:{'fast': 10, 'slow': 30, 'period': 14, 'os': 40, 'ob': 60},sl0.03,tp0.06"
1876.HK,2025-05-20,2025-05-22,-24.643013274449913,SL,"hybrid:{'fast': 10, 'slow': 30, 'period': 14, 'os': 40, 'ob': 60},sl0.03,tp0.06"
1876.HK,2025-05-26,2025-05-28,41.595398631800094,TP,"hybrid:{'fast': 10, 'slow': 30, 'period': 14, 'os': 40, 'ob': 60},sl0.03,tp0.06"
1918.HK,2025-06-17,2025-06-18,-14.887773426649971,SL,"hybrid:{'fast': 10, 'slow': 30, 'period': 14, 'os': 40, 'ob': 60},sl0.03,tp0.06"
0968.HK,2025-06-19,2025-06-20,-26.0402866578836,SL,"hybrid:{'fast': 10, 'slow': 30, 'period': 14, 'os': 40, 'ob': 60},sl0.03,tp0.06"
0728.HK,2025-06-23,2025-06-24,-0.8592531948581836,SIGNAL,"hybrid:{'fast': 10, 'slow': 30, 'period': 14, 'os': 40, 'ob': 60},sl0.03,tp0.06"
3988.HK,2025-06-30,2025-07-02,-16.317532553789874,SIGNAL,"hybrid:{'fast': 10, 'slow': 30, 'period': 14, 'os': 40, 'ob': 60},sl0.03,tp0.06"
3988.HK,2025-07-03,2025-08-01,-29.0151165816186,SL,"hybrid:{'fast': 10, 'slow': 30, 'period': 14, 'os': 40, 'ob': 60},sl0.03,tp0.06"
0960.HK,2025-08-05,2025-08-11,54.8292694087977,TP,"hybrid:{'fast': 10, 'slow': 30, 'period': 14, 'os': 40, 'ob': 60},sl0.03,tp0.06"
1199.HK,2025-08-18,2025-08-28,-17.873986861479466,SL,"hybrid:{'fast': 10, 'slow': 30, 'period': 14, 'os': 40, 'ob': 60},sl0.03,tp0.06"
1876.HK,2025-09-02,2025-09-04,-6.548512742202661,SIGNAL,"hybrid:{'fast': 10, 'slow': 30, 'period': 14, 'os': 40, 'ob': 60},sl0.03,tp0.06"
1918.HK,2025-09-05,2025-09-08,26.517617107090302,TP,"hybrid:{'fast': 10, 'slow': 30, 'period': 14, 'os': 40, 'ob': 60},sl0.03,tp0.06"
0857.HK,2025-09-08,2025-09-10,-5.563402261602732,SIGNAL,"hybrid:{'fast': 10, 'slow': 30, 'period': 14, 'os': 40, 'ob': 60},sl0.03,tp0.06"
1199.HK,2025-09-11,2025-09-19,0.09413151589524205,SIGNAL,"hybrid:{'fast': 10, 'slow': 30, 'period': 14, 'os': 40, 'ob': 60},sl0.03,tp0.06"
1398.HK,2025-09-19,2025-09-23,-18.295886375887562,SL,"hybrid:{'fast': 10, 'slow': 30, 'period': 14, 'os': 40, 'ob': 60},sl0.03,tp0.06"
3988.HK,2025-09-22,2025-09-25,-13.538302004882325,SL,"hybrid:{'fast': 10, 'slow': 30, 'period': 14, 'os': 40, 'ob': 60},sl0.03,tp0.06"
1398.HK,2025-09-24,2025-09-26,-17.984202977217365,SL,"hybrid:{'fast': 10, 'slow': 30, 'period': 14, 'os': 40, 'ob': 60},sl0.03,tp0.06"
1876.HK,2025-10-17,2025-10-30,-25.548985588963887,SL,"hybrid:{'fast': 10, 'slow': 30, 'period': 14, 'os': 40, 'ob': 60},sl0.03,tp0.06"
0762.HK,2025-10-30,2025-11-06,51.38862631001143,TP,"hybrid:{'fast': 10, 'slow': 30, 'period': 14, 'os': 40, 'ob': 60},sl0.03,tp0.06"
0960.HK,2025-11-24,2025-11-27,-32.547697429398,SL,"hybrid:{'fast': 10, 'slow': 30, 'period': 14, 'os': 40, 'ob': 60},sl0.03,tp0.06"
1876.HK,2025-12-04,2025-12-05,-25.23967467184127,SL,"hybrid:{'fast': 10, 'slow': 30, 'period': 14, 'os': 40, 'ob': 60},sl0.03,tp0.06"
1199.HK,2025-12-12,2025-12-17,-18.944739374634196,SL,"hybrid:{'fast': 10, 'slow': 30, 'period': 14, 'os': 40, 'ob': 60},sl0.03,tp0.06"
0968.HK,2026-01-12,2026-01-13,17.626224237901,TP,"hybrid:{'fast': 10, 'slow': 30, 'period': 14, 'os': 40, 'ob': 60},sl0.03,tp0.06"
1398.HK,2026-01-07,2026-01-28,34.43450310512003,TP,"hybrid:{'fast': 10, 'slow': 30, 'period': 14, 'os': 40, 'ob': 60},sl0.03,tp0.06"
1918.HK,2026-02-10,2026-02-11,-4.435198575572969,SL,"hybrid:{'fast': 10, 'slow': 30, 'period': 14, 'os': 40, 'ob': 60},sl0.03,tp0.06"
1876.HK,2026-02-05,2026-02-13,-14.761431333619498,SIGNAL,"hybrid:{'fast': 10, 'slow': 30, 'period': 14, 'os': 40, 'ob': 60},sl0.03,tp0.06"
0968.HK,2026-03-05,2026-03-06,15.71289722818949,SIGNAL,"hybrid:{'fast': 10, 'slow': 30, 'period': 14, 'os': 40, 'ob': 60},sl0.03,tp0.06"
1918.HK,2026-03-05,2026-03-09,-10.751396476221117,SL,"hybrid:{'fast': 10, 'slow': 30, 'period': 14, 'os': 40, 'ob': 60},sl0.03,tp0.06"
0728.HK,2026-03-17,2026-03-23,-16.39648135214418,SL,"hybrid:{'fast': 10, 'slow': 30, 'period': 14, 'os': 40, 'ob': 60},sl0.03,tp0.06"
1398.HK,2026-03-25,2026-04-01,36.26435564802125,TP,"hybrid:{'fast': 10, 'slow': 30, 'period': 14, 'os': 40, 'ob': 60},sl0.03,tp0.06"
1093.HK,2026-04-13,2026-04-17,-29.5725909387063,SL,"hybrid:{'fast': 10, 'slow': 30, 'period': 14, 'os': 40, 'ob': 60},sl0.03,tp0.06"
0101.HK,2026-04-17,2026-04-20,-29.405544631940188,SL,"hybrid:{'fast': 10, 'slow': 30, 'period': 14, 'os': 40, 'ob': 60},sl0.03,tp0.06"
0003.HK,2026-04-23,2026-04-24,-1.413069594604849,SIGNAL,"hybrid:{'fast': 10, 'slow': 30, 'period': 14, 'os': 40, 'ob': 60},sl0.03,tp0.06"
1918.HK,2026-05-04,2026-05-05,-3.878051208279075,SL,"hybrid:{'fast': 10, 'slow': 30, 'period': 14, 'os': 40, 'ob': 60},sl0.03,tp0.06"
0003.HK,2026-04-27,2026-06-01,-11.085700227638426,SIGNAL,"hybrid:{'fast': 10, 'slow': 30, 'period': 14, 'os': 40, 'ob': 60},sl0.03,tp0.06"
0939.HK,2026-06-17,2026-06-18,-34.10886375087637,SL,"hybrid:{'fast': 10, 'slow': 30, 'period': 14, 'os': 40, 'ob': 60},sl0.03,tp0.06"
1876.HK,2024-07-12,2024-07-22,14.842427074759485,SIGNAL,"hybrid:{'fast': 10, 'slow': 30, 'period': 14, 'os': 40, 'ob': 60},sl0.05,tp0.1"
0267.HK,2024-07-22,2024-07-31,-3.0519460282142745,SIGNAL,"hybrid:{'fast': 10, 'slow': 30, 'period': 14, 'os': 40, 'ob': 60},sl0.05,tp0.1"
0386.HK,2024-08-05,2024-08-08,-2.9870254161198773,SIGNAL,"hybrid:{'fast': 10, 'slow': 30, 'period': 14, 'os': 40, 'ob': 60},sl0.05,tp0.1"
0241.HK,2024-08-08,2024-08-13,-51.678338645091,SL,"hybrid:{'fast': 10, 'slow': 30, 'period': 14, 'os': 40, 'ob': 60},sl0.05,tp0.1"
0386.HK,2024-08-14,2024-09-04,27.05489670835516,SIGNAL,"hybrid:{'fast': 10, 'slow': 30, 'period': 14, 'os': 40, 'ob': 60},sl0.05,tp0.1"
0939.HK,2024-09-05,2024-09-11,-10.366304964726282,SIGNAL,"hybrid:{'fast': 10, 'slow': 30, 'period': 14, 'os': 40, 'ob': 60},sl0.05,tp0.1"
0267.HK,2024-09-13,2024-09-24,72.81789097531782,TP,"hybrid:{'fast': 10, 'slow': 30, 'period': 14, 'os': 40, 'ob': 60},sl0.05,tp0.1"
0728.HK,2024-10-04,2024-10-09,-10.378228277680364,SIGNAL,"hybrid:{'fast': 10, 'slow': 30, 'period': 14, 'os': 40, 'ob': 60},sl0.05,tp0.1"
1398.HK,2024-11-08,2024-11-12,-46.19987591031304,SL,"hybrid:{'fast': 10, 'slow': 30, 'period': 14, 'os': 40, 'ob': 60},sl0.05,tp0.1"
0241.HK,2024-11-19,2024-11-22,-40.68744364769111,SL,"hybrid:{'fast': 10, 'slow': 30, 'period': 14, 'os': 40, 'ob': 60},sl0.05,tp0.1"
0728.HK,2024-12-03,2024-12-06,8.306031826641174,SIGNAL,"hybrid:{'fast': 10, 'slow': 30, 'period': 14, 'os': 40, 'ob': 60},sl0.05,tp0.1"
1199.HK,2024-12-09,2024-12-17,10.13667921640581,SIGNAL,"hybrid:{'fast': 10, 'slow': 30, 'period': 14, 'os': 40, 'ob': 60},sl0.05,tp0.1"
0992.HK,2024-12-17,2024-12-27,85.69594536986358,TP,"hybrid:{'fast': 10, 'slow': 30, 'period': 14, 'os': 40, 'ob': 60},sl0.05,tp0.1"
0003.HK,2025-01-13,2025-01-16,-2.7931246951694675,SIGNAL,"hybrid:{'fast': 10, 'slow': 30, 'period': 14, 'os': 40, 'ob': 60},sl0.05,tp0.1"
1199.HK,2025-01-14,2025-01-16,9.698749712404378,SIGNAL,"hybrid:{'fast': 10, 'slow': 30, 'period': 14, 'os': 40, 'ob': 60},sl0.05,tp0.1"
0968.HK,2025-01-20,2025-01-22,-52.26611684270631,SL,"hybrid:{'fast': 10, 'slow': 30, 'period': 14, 'os': 40, 'ob': 60},sl0.05,tp0.1"
2007.HK,2025-01-22,2025-01-23,-17.022762064007537,SL,"hybrid:{'fast': 10, 'slow': 30, 'period': 14, 'os': 40, 'ob': 60},sl0.05,tp0.1"
0728.HK,2025-02-04,2025-02-06,13.695605649680488,SIGNAL,"hybrid:{'fast': 10, 'slow': 30, 'period': 14, 'os': 40, 'ob': 60},sl0.05,tp0.1"
1876.HK,2025-02-10,2025-02-19,64.06089518803344,TP,"hybrid:{'fast': 10, 'slow': 30, 'period': 14, 'os': 40, 'ob': 60},sl0.05,tp0.1"
1918.HK,2025-02-17,2025-02-24,18.523012614327257,TP,"hybrid:{'fast': 10, 'slow': 30, 'period': 14, 'os': 40, 'ob': 60},sl0.05,tp0.1"
1199.HK,2025-02-19,2025-03-03,-44.68074963239394,SL,"hybrid:{'fast': 10, 'slow': 30, 'period': 14, 'os': 40, 'ob': 60},sl0.05,tp0.1"
1898.HK,2025-03-21,2025-04-02,-16.48811074240598,SIGNAL,"hybrid:{'fast': 10, 'slow': 30, 'period': 14, 'os': 40, 'ob': 60},sl0.05,tp0.1"
0867.HK,2025-04-29,2025-05-12,8.968719910794107,SIGNAL,"hybrid:{'fast': 10, 'slow': 30, 'period': 14, 'os': 40, 'ob': 60},sl0.05,tp0.1"
0386.HK,2025-05-13,2025-05-16,-0.7048427238302111,SIGNAL,"hybrid:{'fast': 10, 'slow': 30, 'period': 14, 'os': 40, 'ob': 60},sl0.05,tp0.1"
1876.HK,2025-05-20,2025-06-09,73.82730618047981,TP,"hybrid:{'fast': 10, 'slow': 30, 'period': 14, 'os': 40, 'ob': 60},sl0.05,tp0.1"
1918.HK,2025-06-17,2025-06-18,-23.93689910721622,SL,"hybrid:{'fast': 10, 'slow': 30, 'period': 14, 'os': 40, 'ob': 60},sl0.05,tp0.1"
0968.HK,2025-06-19,2025-06-20,-38.22447273990724,SL,"hybrid:{'fast': 10, 'slow': 30, 'period': 14, 'os': 40, 'ob': 60},sl0.05,tp0.1"
0728.HK,2025-06-23,2025-06-24,-0.8592531948581836,SIGNAL,"hybrid:{'fast': 10, 'slow': 30, 'period': 14, 'os': 40, 'ob': 60},sl0.05,tp0.1"
3988.HK,2025-06-30,2025-07-02,-16.317532553789874,SIGNAL,"hybrid:{'fast': 10, 'slow': 30, 'period': 14, 'os': 40, 'ob': 60},sl0.05,tp0.1"
3988.HK,2025-07-03,2025-08-04,-27.695022005737087,SIGNAL,"hybrid:{'fast': 10, 'slow': 30, 'period': 14, 'os': 40, 'ob': 60},sl0.05,tp0.1"
0960.HK,2025-08-05,2025-08-13,58.43410069360925,SIGNAL,"hybrid:{'fast': 10, 'slow': 30, 'period': 14, 'os': 40, 'ob': 60},sl0.05,tp0.1"
1199.HK,2025-08-18,2025-09-02,-7.564334117574617,SIGNAL,"hybrid:{'fast': 10, 'slow': 30, 'period': 14, 'os': 40, 'ob': 60},sl0.05,tp0.1"
1876.HK,2025-09-02,2025-09-04,-6.548512742202661,SIGNAL,"hybrid:{'fast': 10, 'slow': 30, 'period': 14, 'os': 40, 'ob': 60},sl0.05,tp0.1"
1918.HK,2025-09-05,2025-09-09,45.095291891152556,TP,"hybrid:{'fast': 10, 'slow': 30, 'period': 14, 'os': 40, 'ob': 60},sl0.05,tp0.1"
1199.HK,2025-09-11,2025-09-19,0.09413151589524205,SIGNAL,"hybrid:{'fast': 10, 'slow': 30, 'period': 14, 'os': 40, 'ob': 60},sl0.05,tp0.1"
3988.HK,2025-09-22,2025-09-26,-17.54620723931305,SIGNAL,"hybrid:{'fast': 10, 'slow': 30, 'period': 14, 'os': 40, 'ob': 60},sl0.05,tp0.1"
1398.HK,2025-09-19,2025-09-29,-17.98787036535566,SIGNAL,"hybrid:{'fast': 10, 'slow': 30, 'period': 14, 'os': 40, 'ob': 60},sl0.05,tp0.1"
0960.HK,2025-10-10,2025-10-13,-15.414952994950681,SIGNAL,"hybrid:{'fast': 10, 'slow': 30, 'period': 14, 'os': 40, 'ob': 60},sl0.05,tp0.1"
1876.HK,2025-10-17,2025-10-31,-41.07823734340366,SL,"hybrid:{'fast': 10, 'slow': 30, 'period': 14, 'os': 40, 'ob': 60},sl0.05,tp0.1"
0968.HK,2025-11-05,2025-11-07,67.49160121546493,TP,"hybrid:{'fast': 10, 'slow': 30, 'period': 14, 'os': 40, 'ob': 60},sl0.05,tp0.1"
0960.HK,2025-11-24,2025-11-27,7.519022475022666,SIGNAL,"hybrid:{'fast': 10, 'slow': 30, 'period': 14, 'os': 40, 'ob': 60},sl0.05,tp0.1"
1876.HK,2025-12-04,2025-12-09,-40.58092024945415,SL,"hybrid:{'fast': 10, 'slow': 30, 'period': 14, 'os': 40, 'ob': 60},sl0.05,tp0.1"
1199.HK,2025-12-12,2025-12-17,-15.661495770647889,SIGNAL,"hybrid:{'fast': 10, 'slow': 30, 'period': 14, 'os': 40, 'ob': 60},sl0.05,tp0.1"
0968.HK,2026-01-12,2026-01-23,29.97477954889547,TP,"hybrid:{'fast': 10, 'slow': 30, 'period': 14, 'os': 40, 'ob': 60},sl0.05,tp0.1"
1398.HK,2026-01-07,2026-02-02,25.126410549347156,SIGNAL,"hybrid:{'fast': 10, 'slow': 30, 'period': 14, 'os': 40, 'ob': 60},sl0.05,tp0.1"
1918.HK,2026-02-10,2026-02-11,-13.738617171970532,SL,"hybrid:{'fast': 10, 'slow': 30, 'period': 14, 'os': 40, 'ob': 60},sl0.05,tp0.1"
1876.HK,2026-02-05,2026-02-13,-14.761431333619498,SIGNAL,"hybrid:{'fast': 10, 'slow': 30, 'period': 14, 'os': 40, 'ob': 60},sl0.05,tp0.1"
0968.HK,2026-03-05,2026-03-06,23.56934584228418,SIGNAL,"hybrid:{'fast': 10, 'slow': 30, 'period': 14, 'os': 40, 'ob': 60},sl0.05,tp0.1"
0762.HK,2026-03-06,2026-03-10,-4.5214912837781185,SIGNAL,"hybrid:{'fast': 10, 'slow': 30, 'period': 14, 'os': 40, 'ob': 60},sl0.05,tp0.1"
0728.HK,2026-03-17,2026-03-30,-58.18876612144243,SL,"hybrid:{'fast': 10, 'slow': 30, 'period': 14, 'os': 40, 'ob': 60},sl0.05,tp0.1"
1093.HK,2026-04-13,2026-04-22,-47.54748110094499,SL,"hybrid:{'fast': 10, 'slow': 30, 'period': 14, 'os': 40, 'ob': 60},sl0.05,tp0.1"
0003.HK,2026-04-23,2026-04-24,-1.413069594604849,SIGNAL,"hybrid:{'fast': 10, 'slow': 30, 'period': 14, 'os': 40, 'ob': 60},sl0.05,tp0.1"
1918.HK,2026-05-04,2026-05-06,-12.470437028417564,SL,"hybrid:{'fast': 10, 'slow': 30, 'period': 14, 'os': 40, 'ob': 60},sl0.05,tp0.1"
0003.HK,2026-04-27,2026-06-01,-11.085700227638426,SIGNAL,"hybrid:{'fast': 10, 'slow': 30, 'period': 14, 'os': 40, 'ob': 60},sl0.05,tp0.1"
0939.HK,2026-06-17,2026-06-22,-46.10349484119581,SL,"hybrid:{'fast': 10, 'slow': 30, 'period': 14, 'os': 40, 'ob': 60},sl0.05,tp0.1"
1898.HK,2024-07-16,2024-07-17,-24.48774827720331,SL,"hybrid:{'fast': 20, 'slow': 50, 'period': 14, 'os': 40, 'ob': 60},sl0.03,tp0.06"
1177.HK,2024-07-29,2024-07-30,-27.04541466141893,SL,"hybrid:{'fast': 20, 'slow': 50, 'period': 14, 'os': 40, 'ob': 60},sl0.03,tp0.06"
1876.HK,2024-08-02,2024-08-05,47.49481486163609,TP,"hybrid:{'fast': 20, 'slow': 50, 'period': 14, 'os': 40, 'ob': 60},sl0.03,tp0.06"
2628.HK,2024-08-05,2024-08-12,-8.799165363822908,SIGNAL,"hybrid:{'fast': 20, 'slow': 50, 'period': 14, 'os': 40, 'ob': 60},sl0.03,tp0.06"
3988.HK,2024-09-04,2024-09-11,-29.998091851091885,SL,"hybrid:{'fast': 20, 'slow': 50, 'period': 14, 'os': 40, 'ob': 60},sl0.03,tp0.06"
0939.HK,2024-09-11,2024-09-24,60.67076676216266,TP,"hybrid:{'fast': 20, 'slow': 50, 'period': 14, 'os': 40, 'ob': 60},sl0.03,tp0.06"
1199.HK,2024-10-14,2024-10-17,-29.06658746357391,SL,"hybrid:{'fast': 20, 'slow': 50, 'period': 14, 'os': 40, 'ob': 60},sl0.03,tp0.06"
0386.HK,2024-10-17,2024-10-18,-28.600214508294926,SL,"hybrid:{'fast': 20, 'slow': 50, 'period': 14, 'os': 40, 'ob': 60},sl0.03,tp0.06"
0857.HK,2024-10-22,2024-10-29,-17.82949551216973,SL,"hybrid:{'fast': 20, 'slow': 50, 'period': 14, 'os': 40, 'ob': 60},sl0.03,tp0.06"
1199.HK,2024-11-04,2024-11-12,-26.99908617653955,SL,"hybrid:{'fast': 20, 'slow': 50, 'period': 14, 'os': 40, 'ob': 60},sl0.03,tp0.06"
0762.HK,2024-11-14,2024-11-15,34.44688998259562,TP,"hybrid:{'fast': 20, 'slow': 50, 'period': 14, 'os': 40, 'ob': 60},sl0.03,tp0.06"
1898.HK,2024-11-18,2024-11-21,48.67926014300497,TP,"hybrid:{'fast': 20, 'slow': 50, 'period': 14, 'os': 40, 'ob': 60},sl0.03,tp0.06"
0968.HK,2024-11-26,2024-11-27,8.61800667887917,SIGNAL,"hybrid:{'fast': 20, 'slow': 50, 'period': 14, 'os': 40, 'ob': 60},sl0.03,tp0.06"
1398.HK,2024-12-23,2024-12-27,49.75807149265768,TP,"hybrid:{'fast': 20, 'slow': 50, 'period': 14, 'os': 40, 'ob': 60},sl0.03,tp0.06"
1199.HK,2024-12-30,2025-01-02,0.8130570224706162,SIGNAL,"hybrid:{'fast': 20, 'slow': 50, 'period': 14, 'os': 40, 'ob': 60},sl0.03,tp0.06"
0386.HK,2025-01-03,2025-01-08,-6.397722637972038,SIGNAL,"hybrid:{'fast': 20, 'slow': 50, 'period': 14, 'os': 40, 'ob': 60},sl0.03,tp0.06"
0992.HK,2025-01-08,2025-01-10,-30.559623992524052,SL,"hybrid:{'fast': 20, 'slow': 50, 'period': 14, 'os': 40, 'ob': 60},sl0.03,tp0.06"
2007.HK,2025-01-22,2025-01-23,-5.674254021335848,SL,"hybrid:{'fast': 20, 'slow': 50, 'period': 14, 'os': 40, 'ob': 60},sl0.03,tp0.06"
0003.HK,2025-01-13,2025-02-04,1.8006981633577652,SIGNAL,"hybrid:{'fast': 20, 'slow': 50, 'period': 14, 'os': 40, 'ob': 60},sl0.03,tp0.06"
1199.HK,2025-01-14,2025-02-06,5.080923326137167,SIGNAL,"hybrid:{'fast': 20, 'slow': 50, 'period': 14, 'os': 40, 'ob': 60},sl0.03,tp0.06"
0968.HK,2025-02-07,2025-02-10,82.14724987730199,TP,"hybrid:{'fast': 20, 'slow': 50, 'period': 14, 'os': 40, 'ob': 60},sl0.03,tp0.06"
0101.HK,2025-02-26,2025-03-03,7.783944730081885,SIGNAL,"hybrid:{'fast': 20, 'slow': 50, 'period': 14, 'os': 40, 'ob': 60},sl0.03,tp0.06"
1918.HK,2025-03-05,2025-03-06,-21.000635299875853,SL,"hybrid:{'fast': 20, 'slow': 50, 'period': 14, 'os': 40, 'ob': 60},sl0.03,tp0.06"
0968.HK,2025-03-27,2025-03-31,-30.85776410884796,SL,"hybrid:{'fast': 20, 'slow': 50, 'period': 14, 'os': 40, 'ob': 60},sl0.03,tp0.06"
0960.HK,2025-04-03,2025-04-07,-36.54902280855072,SL,"hybrid:{'fast': 20, 'slow': 50, 'period': 14, 'os': 40, 'ob': 60},sl0.03,tp0.06"
0867.HK,2025-04-09,2025-04-11,9.171659695846415,SIGNAL,"hybrid:{'fast': 20, 'slow': 50, 'period': 14, 'os': 40, 'ob': 60},sl0.03,tp0.06"
2007.HK,2025-04-10,2025-04-11,10.048655216780318,TP,"hybrid:{'fast': 20, 'slow': 50, 'period': 14, 'os': 40, 'ob': 60},sl0.03,tp0.06"
0939.HK,2025-04-14,2025-04-22,8.045311505557493,SIGNAL,"hybrid:{'fast': 20, 'slow': 50, 'period': 14, 'os': 40, 'ob': 60},sl0.03,tp0.06"
3988.HK,2025-04-14,2025-04-28,7.1582616260078,SIGNAL,"hybrid:{'fast': 20, 'slow': 50, 'period': 14, 'os': 40, 'ob': 60},sl0.03,tp0.06"
0867.HK,2025-05-12,2025-05-16,-26.638445847155253,SL,"hybrid:{'fast': 20, 'slow': 50, 'period': 14, 'os': 40, 'ob': 60},sl0.03,tp0.06"
1898.HK,2025-05-16,2025-05-21,43.86947503234023,TP,"hybrid:{'fast': 20, 'slow': 50, 'period': 14, 'os': 40, 'ob': 60},sl0.03,tp0.06"
0241.HK,2025-05-22,2025-05-23,-63.17567419887541,SL,"hybrid:{'fast': 20, 'slow': 50, 'period': 14, 'os': 40, 'ob': 60},sl0.03,tp0.06"
0101.HK,2025-05-23,2025-06-09,20.604893198701802,SIGNAL,"hybrid:{'fast': 20, 'slow': 50, 'period': 14, 'os': 40, 'ob': 60},sl0.03,tp0.06"
1876.HK,2025-06-10,2025-06-12,-26.69343202257221,SL,"hybrid:{'fast': 20, 'slow': 50, 'period': 14, 'os': 40, 'ob': 60},sl0.03,tp0.06"
1918.HK,2025-07-07,2025-07-10,26.346535864292207,TP,"hybrid:{'fast': 20, 'slow': 50, 'period': 14, 'os': 40, 'ob': 60},sl0.03,tp0.06"
0728.HK,2025-06-23,2025-07-11,-10.329759493738834,SIGNAL,"hybrid:{'fast': 20, 'slow': 50, 'period': 14, 'os': 40, 'ob': 60},sl0.03,tp0.06"
0960.HK,2025-07-23,2025-07-31,-33.210359894178396,SL,"hybrid:{'fast': 20, 'slow': 50, 'period': 14, 'os': 40, 'ob': 60},sl0.03,tp0.06"
0960.HK,2025-08-05,2025-08-11,54.8292694087977,TP,"hybrid:{'fast': 20, 'slow': 50, 'period': 14, 'os': 40, 'ob': 60},sl0.03,tp0.06"
1918.HK,2025-08-12,2025-08-13,-14.690584561450066,SL,"hybrid:{'fast': 20, 'slow': 50, 'period': 14, 'os': 40, 'ob': 60},sl0.03,tp0.06"
1918.HK,2025-08-15,2025-08-25,25.83329213589809,TP,"hybrid:{'fast': 20, 'slow': 50, 'period': 14, 'os': 40, 'ob': 60},sl0.03,tp0.06"
2007.HK,2025-09-02,2025-09-05,7.613122442586047,TP,"hybrid:{'fast': 20, 'slow': 50, 'period': 14, 'os': 40, 'ob': 60},sl0.03,tp0.06"
0728.HK,2025-09-08,2025-09-18,-18.425907363251554,SL,"hybrid:{'fast': 20, 'slow': 50, 'period': 14, 'os': 40, 'ob': 60},sl0.03,tp0.06"
0003.HK,2025-09-24,2025-10-02,-9.014942678708053,SIGNAL,"hybrid:{'fast': 20, 'slow': 50, 'period': 14, 'os': 40, 'ob': 60},sl0.03,tp0.06"
0241.HK,2025-10-16,2025-10-17,-20.277607893691766,SL,"hybrid:{'fast': 20, 'slow': 50, 'period': 14, 'os': 40, 'ob': 60},sl0.03,tp0.06"
0762.HK,2025-11-25,2025-11-28,-29.90538924113889,SL,"hybrid:{'fast': 20, 'slow': 50, 'period': 14, 'os': 40, 'ob': 60},sl0.03,tp0.06"
1199.HK,2025-12-02,2025-12-16,-3.9006302797192802,SIGNAL,"hybrid:{'fast': 20, 'slow': 50, 'period': 14, 'os': 40, 'ob': 60},sl0.03,tp0.06"
1398.HK,2025-12-18,2026-01-02,22.273827905630696,SIGNAL,"hybrid:{'fast': 20, 'slow': 50, 'period': 14, 'os': 40, 'ob': 60},sl0.03,tp0.06"
0101.HK,2026-01-26,2026-01-28,-14.46363961929751,SIGNAL,"hybrid:{'fast': 20, 'slow': 50, 'period': 14, 'os': 40, 'ob': 60},sl0.03,tp0.06"
0003.HK,2026-01-28,2026-02-03,5.317927855839002,SIGNAL,"hybrid:{'fast': 20, 'slow': 50, 'period': 14, 'os': 40, 'ob': 60},sl0.03,tp0.06"
0857.HK,2026-02-03,2026-02-12,49.69826503301658,TP,"hybrid:{'fast': 20, 'slow': 50, 'period': 14, 'os': 40, 'ob': 60},sl0.03,tp0.06"
1876.HK,2026-02-16,2026-03-02,-24.435469159851777,SL,"hybrid:{'fast': 20, 'slow': 50, 'period': 14, 'os': 40, 'ob': 60},sl0.03,tp0.06"
1918.HK,2026-02-27,2026-03-02,-8.216210552250004,SL,"hybrid:{'fast': 20, 'slow': 50, 'period': 14, 'os': 40, 'ob': 60},sl0.03,tp0.06"
0968.HK,2026-03-05,2026-03-09,-31.94862736532332,SL,"hybrid:{'fast': 20, 'slow': 50, 'period': 14, 'os': 40, 'ob': 60},sl0.03,tp0.06"
1876.HK,2026-03-09,2026-03-13,-23.8168491526543,SL,"hybrid:{'fast': 20, 'slow': 50, 'period': 14, 'os': 40, 'ob': 60},sl0.03,tp0.06"
0960.HK,2026-03-13,2026-03-17,-12.1195887486316,SIGNAL,"hybrid:{'fast': 20, 'slow': 50, 'period': 14, 'os': 40, 'ob': 60},sl0.03,tp0.06"
0003.HK,2026-03-19,2026-03-23,-23.18992777630774,SL,"hybrid:{'fast': 20, 'slow': 50, 'period': 14, 'os': 40, 'ob': 60},sl0.03,tp0.06"
2007.HK,2026-03-23,2026-03-25,5.303523625362985,TP,"hybrid:{'fast': 20, 'slow': 50, 'period': 14, 'os': 40, 'ob': 60},sl0.03,tp0.06"
2007.HK,2026-04-24,2026-04-27,-2.809943973609336,SL,"hybrid:{'fast': 20, 'slow': 50, 'period': 14, 'os': 40, 'ob': 60},sl0.03,tp0.06"
1876.HK,2026-05-04,2026-05-14,10.638636781100104,SIGNAL,"hybrid:{'fast': 20, 'slow': 50, 'period': 14, 'os': 40, 'ob': 60},sl0.03,tp0.06"
1918.HK,2026-05-14,2026-05-15,-16.076130464980565,SL,"hybrid:{'fast': 20, 'slow': 50, 'period': 14, 'os': 40, 'ob': 60},sl0.03,tp0.06"
0003.HK,2026-05-19,2026-05-28,-23.412602375867323,SL,"hybrid:{'fast': 20, 'slow': 50, 'period': 14, 'os': 40, 'ob': 60},sl0.03,tp0.06"
0003.HK,2026-06-01,2026-06-08,-22.808201542314123,SL,"hybrid:{'fast': 20, 'slow': 50, 'period': 14, 'os': 40, 'ob': 60},sl0.03,tp0.06"
0960.HK,2026-06-08,2026-06-10,44.367112473880866,TP,"hybrid:{'fast': 20, 'slow': 50, 'period': 14, 'os': 40, 'ob': 60},sl0.03,tp0.06"
0762.HK,2026-06-11,2026-06-12,-24.61576606232461,SL,"hybrid:{'fast': 20, 'slow': 50, 'period': 14, 'os': 40, 'ob': 60},sl0.03,tp0.06"
3988.HK,2026-06-30,2026-07-02,-16.207936494460682,SL,"hybrid:{'fast': 20, 'slow': 50, 'period': 14, 'os': 40, 'ob': 60},sl0.03,tp0.06"
3988.HK,2026-07-09,2026-07-10,-0.7220765312576418,SIGNAL,"hybrid:{'fast': 20, 'slow': 50, 'period': 14, 'os': 40, 'ob': 60},sl0.03,tp0.06"
1898.HK,2024-07-16,2024-07-17,-39.37195597194284,SL,"hybrid:{'fast': 20, 'slow': 50, 'period': 14, 'os': 40, 'ob': 60},sl0.05,tp0.1"
1177.HK,2024-07-29,2024-08-14,79.80688424949449,TP,"hybrid:{'fast': 20, 'slow': 50, 'period': 14, 'os': 40, 'ob': 60},sl0.05,tp0.1"
3988.HK,2024-09-04,2024-09-25,95.76790842880723,TP,"hybrid:{'fast': 20, 'slow': 50, 'period': 14, 'os': 40, 'ob': 60},sl0.05,tp0.1"
1199.HK,2024-10-14,2024-10-30,-46.733917259997384,SL,"hybrid:{'fast': 20, 'slow': 50, 'period': 14, 'os': 40, 'ob': 60},sl0.05,tp0.1"
1199.HK,2024-11-04,2024-11-14,-43.409741891826116,SL,"hybrid:{'fast': 20, 'slow': 50, 'period': 14, 'os': 40, 'ob': 60},sl0.05,tp0.1"
0728.HK,2024-11-14,2024-11-18,6.0626120059467326,SIGNAL,"hybrid:{'fast': 20, 'slow': 50, 'period': 14, 'os': 40, 'ob': 60},sl0.05,tp0.1"
0762.HK,2024-11-14,2024-11-22,5.390943545741607,SIGNAL,"hybrid:{'fast': 20, 'slow': 50, 'period': 14, 'os': 40, 'ob': 60},sl0.05,tp0.1"
0968.HK,2024-11-20,2024-11-22,-17.110002487193412,SL,"hybrid:{'fast': 20, 'slow': 50, 'period': 14, 'os': 40, 'ob': 60},sl0.05,tp0.1"
0968.HK,2024-11-26,2024-11-27,8.61800667887917,SIGNAL,"hybrid:{'fast': 20, 'slow': 50, 'period': 14, 'os': 40, 'ob': 60},sl0.05,tp0.1"
1398.HK,2024-12-23,2025-01-03,18.222029250992478,SIGNAL,"hybrid:{'fast': 20, 'slow': 50, 'period': 14, 'os': 40, 'ob': 60},sl0.05,tp0.1"
0386.HK,2025-01-03,2025-01-08,-6.397722637972038,SIGNAL,"hybrid:{'fast': 20, 'slow': 50, 'period': 14, 'os': 40, 'ob': 60},sl0.05,tp0.1"
0992.HK,2025-01-08,2025-01-13,-49.13445518683659,SL,"hybrid:{'fast': 20, 'slow': 50, 'period': 14, 'os': 40, 'ob': 60},sl0.05,tp0.1"
0003.HK,2025-01-13,2025-02-04,1.8006981633577652,SIGNAL,"hybrid:{'fast': 20, 'slow': 50, 'period': 14, 'os': 40, 'ob': 60},sl0.05,tp0.1"
1199.HK,2025-01-14,2025-02-06,5.080923326137167,SIGNAL,"hybrid:{'fast': 20, 'slow': 50, 'period': 14, 'os': 40, 'ob': 60},sl0.05,tp0.1"
0968.HK,2025-02-07,2025-02-12,8.457470353527015,SIGNAL,"hybrid:{'fast': 20, 'slow': 50, 'period': 14, 'os': 40, 'ob': 60},sl0.05,tp0.1"
0101.HK,2025-02-26,2025-03-03,7.783944730081885,SIGNAL,"hybrid:{'fast': 20, 'slow': 50, 'period': 14, 'os': 40, 'ob': 60},sl0.05,tp0.1"
1918.HK,2025-03-05,2025-03-07,-33.76529679453108,SL,"hybrid:{'fast': 20, 'slow': 50, 'period': 14, 'os': 40, 'ob': 60},sl0.05,tp0.1"
0968.HK,2025-03-27,2025-03-31,-49.61381161440579,SL,"hybrid:{'fast': 20, 'slow': 50, 'period': 14, 'os': 40, 'ob': 60},sl0.05,tp0.1"
0867.HK,2025-04-09,2025-04-11,9.171659695846415,SIGNAL,"hybrid:{'fast': 20, 'slow': 50, 'period': 14, 'os': 40, 'ob': 60},sl0.05,tp0.1"
2007.HK,2025-04-10,2025-04-22,2.561398931679733,SIGNAL,"hybrid:{'fast': 20, 'slow': 50, 'period': 14, 'os': 40, 'ob': 60},sl0.05,tp0.1"
0939.HK,2025-04-14,2025-04-22,8.045311505557493,SIGNAL,"hybrid:{'fast': 20, 'slow': 50, 'period': 14, 'os': 40, 'ob': 60},sl0.05,tp0.1"
0867.HK,2025-05-12,2025-05-20,78.60598149168152,TP,"hybrid:{'fast': 20, 'slow': 50, 'period': 14, 'os': 40, 'ob': 60},sl0.05,tp0.1"
0241.HK,2025-05-22,2025-05-23,-63.17567419887541,SL,"hybrid:{'fast': 20, 'slow': 50, 'period': 14, 'os': 40, 'ob': 60},sl0.05,tp0.1"
0101.HK,2025-05-23,2025-06-09,20.604893198701802,SIGNAL,"hybrid:{'fast': 20, 'slow': 50, 'period': 14, 'os': 40, 'ob': 60},sl0.05,tp0.1"
1876.HK,2025-06-10,2025-06-12,-42.91830422444991,SL,"hybrid:{'fast': 20, 'slow': 50, 'period': 14, 'os': 40, 'ob': 60},sl0.05,tp0.1"
1918.HK,2025-07-07,2025-07-10,29.86956986174806,TP,"hybrid:{'fast': 20, 'slow': 50, 'period': 14, 'os': 40, 'ob': 60},sl0.05,tp0.1"
0728.HK,2025-06-23,2025-07-11,-10.329759493738834,SIGNAL,"hybrid:{'fast': 20, 'slow': 50, 'period': 14, 'os': 40, 'ob': 60},sl0.05,tp0.1"
0960.HK,2025-08-05,2025-08-14,93.24148162269307,TP,"hybrid:{'fast': 20, 'slow': 50, 'period': 14, 'os': 40, 'ob': 60},sl0.05,tp0.1"
1918.HK,2025-08-15,2025-08-25,43.931543497030475,TP,"hybrid:{'fast': 20, 'slow': 50, 'period': 14, 'os': 40, 'ob': 60},sl0.05,tp0.1"
2007.HK,2025-09-02,2025-09-05,12.946713023460376,TP,"hybrid:{'fast': 20, 'slow': 50, 'period': 14, 'os': 40, 'ob': 60},sl0.05,tp0.1"
0728.HK,2025-09-08,2025-09-19,-33.16744372294352,SIGNAL,"hybrid:{'fast': 20, 'slow': 50, 'period': 14, 'os': 40, 'ob': 60},sl0.05,tp0.1"
0003.HK,2025-09-24,2025-10-02,-9.014942678708053,SIGNAL,"hybrid:{'fast': 20, 'slow': 50, 'period': 14, 'os': 40, 'ob': 60},sl0.05,tp0.1"
0267.HK,2025-10-09,2025-10-16,33.82884220353708,SIGNAL,"hybrid:{'fast': 20, 'slow': 50, 'period': 14, 'os': 40, 'ob': 60},sl0.05,tp0.1"
0241.HK,2025-10-16,2025-10-23,-32.602796964798586,SL,"hybrid:{'fast': 20, 'slow': 50, 'period': 14, 'os': 40, 'ob': 60},sl0.05,tp0.1"
0762.HK,2025-11-25,2025-12-08,-48.08256174464418,SL,"hybrid:{'fast': 20, 'slow': 50, 'period': 14, 'os': 40, 'ob': 60},sl0.05,tp0.1"
0003.HK,2025-12-15,2025-12-16,-10.079943579307496,SIGNAL,"hybrid:{'fast': 20, 'slow': 50, 'period': 14, 'os': 40, 'ob': 60},sl0.05,tp0.1"
3988.HK,2025-12-19,2025-12-31,6.344997109444364,SIGNAL,"hybrid:{'fast': 20, 'slow': 50, 'period': 14, 'os': 40, 'ob': 60},sl0.05,tp0.1"
1398.HK,2025-12-18,2026-01-02,22.273827905630696,SIGNAL,"hybrid:{'fast': 20, 'slow': 50, 'period': 14, 'os': 40, 'ob': 60},sl0.05,tp0.1"
0101.HK,2026-01-26,2026-01-28,-14.46363961929751,SIGNAL,"hybrid:{'fast': 20, 'slow': 50, 'period': 14, 'os': 40, 'ob': 60},sl0.05,tp0.1"
0003.HK,2026-01-28,2026-02-03,5.317927855839002,SIGNAL,"hybrid:{'fast': 20, 'slow': 50, 'period': 14, 'os': 40, 'ob': 60},sl0.05,tp0.1"
0857.HK,2026-02-03,2026-02-16,22.226349181218666,SIGNAL,"hybrid:{'fast': 20, 'slow': 50, 'period': 14, 'os': 40, 'ob': 60},sl0.05,tp0.1"
1918.HK,2026-02-27,2026-03-02,-13.21020930375002,SL,"hybrid:{'fast': 20, 'slow': 50, 'period': 14, 'os': 40, 'ob': 60},sl0.05,tp0.1"
1876.HK,2026-02-16,2026-03-04,-39.28790042370224,SL,"hybrid:{'fast': 20, 'slow': 50, 'period': 14, 'os': 40, 'ob': 60},sl0.05,tp0.1"
0968.HK,2026-03-05,2026-03-20,94.27551538752539,TP,"hybrid:{'fast': 20, 'slow': 50, 'period': 14, 'os': 40, 'ob': 60},sl0.05,tp0.1"
2007.HK,2026-03-23,2026-03-25,9.01905872505489,TP,"hybrid:{'fast': 20, 'slow': 50, 'period': 14, 'os': 40, 'ob': 60},sl0.05,tp0.1"
0992.HK,2026-03-25,2026-04-10,57.66630232606883,SIGNAL,"hybrid:{'fast': 20, 'slow': 50, 'period': 14, 'os': 40, 'ob': 60},sl0.05,tp0.1"
2007.HK,2026-04-24,2026-04-28,-4.5178915251904215,SL,"hybrid:{'fast': 20, 'slow': 50, 'period': 14, 'os': 40, 'ob': 60},sl0.05,tp0.1"
0322.HK,2026-04-30,2026-05-04,-61.69732165671144,SL,"hybrid:{'fast': 20, 'slow': 50, 'period': 14, 'os': 40, 'ob': 60},sl0.05,tp0.1"
1876.HK,2026-05-04,2026-05-14,10.638636781100104,SIGNAL,"hybrid:{'fast': 20, 'slow': 50, 'period': 14, 'os': 40, 'ob': 60},sl0.05,tp0.1"
1918.HK,2026-05-14,2026-05-15,-17.12043193796478,SL,"hybrid:{'fast': 20, 'slow': 50, 'period': 14, 'os': 40, 'ob': 60},sl0.05,tp0.1"
0003.HK,2026-05-19,2026-06-05,-37.643312055334945,SL,"hybrid:{'fast': 20, 'slow': 50, 'period': 14, 'os': 40, 'ob': 60},sl0.05,tp0.1"
0960.HK,2026-06-08,2026-06-11,75.44976154144297,TP,"hybrid:{'fast': 20, 'slow': 50, 'period': 14, 'os': 40, 'ob': 60},sl0.05,tp0.1"
0762.HK,2026-06-11,2026-06-17,-39.577785864604266,SL,"hybrid:{'fast': 20, 'slow': 50, 'period': 14, 'os': 40, 'ob': 60},sl0.05,tp0.1"
3988.HK,2026-06-30,2026-07-10,24.260554141918192,SIGNAL,"hybrid:{'fast': 20, 'slow': 50, 'period': 14, 'os': 40, 'ob': 60},sl0.05,tp0.1"
